video_id,video_title,video_channel_id,video_channel_title,video_published_at,comment_id,parent_id,is_reply,author_display_name,author_channel_id,author_country,author_channel_url,text,comment_like_count,published_at,updated_at,viewer_rating,reply_count,comment_count,view_count,video_like_count
Rt1d6Xfxgqw,"Israel-Iran War: Iran Begins Counter Strike, Launches Missiles Towards Israel | GRAVITAS HIGHLIGHT",UC_gUM8rL-Lrg6O3adPW9K1g,WION,2026-03-03T10:04:43Z,UgwkcQkTCOzSE3HHBCd4AaABAg,,False,@wannabmusician8270,UC3DmgXMsx0dZCTiG1wlRpOg,US,http://www.youtube.com/@wannabmusician8270,Finish Iran now! Destroy their capability of harming Israel and America!,772,2026-03-03T23:06:03Z,2026-03-03T23:06:03Z,none,0.0,163,116534,772
Rt1d6Xfxgqw,"Israel-Iran War: Iran Begins Counter Strike, Launches Missiles Towards Israel | GRAVITAS HIGHLIGHT",UC_gUM8rL-Lrg6O3adPW9K1g,WION,2026-03-03T10:04:43Z,UgyZY7P90_F5-1CF_FR4AaABAg,,False,@POVcast-e9z,UC9e6Syk2hg2pEOMW0LKDVHA,BR,http://www.youtube.com/@POVcast-e9z,"This is what global power politics really looks like. A leader is killed, missiles fly, and suddenly entire countries are on fire with protests and chaos. People in Pakistan are risking their lives in the streets while big governments talk about strategy and alliances. Calling this self defense does not erase the fact that more violence only creates more instability. When powerful nations decide who gets to live or die, the whole region pays the price. This is not about security, it is about dominance.",772,2026-03-03T20:03:02Z,2026-03-03T20:03:02Z,none,0.0,163,116534,772
Rt1d6Xfxgqw,"Israel-Iran War: Iran Begins Counter Strike, Launches Missiles Towards Israel | GRAVITAS HIGHLIGHT",UC_gUM8rL-Lrg6O3adPW9K1g,WION,2026-03-03T10:04:43Z,UgyseBtMMgtvHgAgJVp4AaABAg,,False,@mervyngatter9975,UCSJJJ6ljL98bMChorKOi5lg,,http://www.youtube.com/@mervyngatter9975,Israel is the problem looks like they been playing both sides to their gain. Trumps so dumb he couldn’t see it because he to busy raping kids and robbing tax payers 🤷‍♂️,772,2026-03-03T15:29:41Z,2026-03-03T15:29:41Z,none,0.0,163,116534,772
Rt1d6Xfxgqw,"Israel-Iran War: Iran Begins Counter Strike, Launches Missiles Towards Israel | GRAVITAS HIGHLIGHT",UC_gUM8rL-Lrg6O3adPW9K1g,WION,2026-03-03T10:04:43Z,UgyKMNUsoXVz7XitBmB4AaABAg,,False,@jabbarpu2572,UCe97Lze0XAmsT1gVyAQiapw,,http://www.youtube.com/@jabbarpu2572,Nethinyahu will die within one weak😭,772,2026-03-03T14:38:07Z,2026-03-03T14:38:07Z,none,0.0,163,116534,772
Rt1d6Xfxgqw,"Israel-Iran War: Iran Begins Counter Strike, Launches Missiles Towards Israel | GRAVITAS HIGHLIGHT",UC_gUM8rL-Lrg6O3adPW9K1g,WION,2026-03-03T10:04:43Z,UgyrQLXPLr4h1rofpOB4AaABAg,,False,@Coffee23,UCY8w983m_556ZhxKQ94-ywQ,,http://www.youtube.com/@Coffee23,Roaring Rat? 🤣🤣🤣I swear I thought the Baby Butcher was standing in Gaza!!!,772,2026-03-03T14:17:52Z,2026-03-03T14:17:52Z,none,0.0,163,116534,772
Rt1d6Xfxgqw,"Israel-Iran War: Iran Begins Counter Strike, Launches Missiles Towards Israel | GRAVITAS HIGHLIGHT",UC_gUM8rL-Lrg6O3adPW9K1g,WION,2026-03-03T10:04:43Z,Ugy9zYMgt4l59_SySI94AaABAg,,False,@kikoambrosyo1544,UCOelcnrlU-F3Jnw6EIlBx5Q,,http://www.youtube.com/@kikoambrosyo1544,Meanwhipe in the Philippines politicians ate busy destroying each other😂,772,2026-03-03T13:48:01Z,2026-03-03T13:48:01Z,none,0.0,163,116534,772
Rt1d6Xfxgqw,"Israel-Iran War: Iran Begins Counter Strike, Launches Missiles Towards Israel | GRAVITAS HIGHLIGHT",UC_gUM8rL-Lrg6O3adPW9K1g,WION,2026-03-03T10:04:43Z,UgyLuzWHqkBmxLX9RYN4AaABAg,,False,@roxyfoxa,UC3G9Qe091kksRro69DeKRrA,,http://www.youtube.com/@roxyfoxa,its all about benjamin saving his ass,772,2026-03-03T13:33:07Z,2026-03-03T13:33:07Z,none,0.0,163,116534,772
Rt1d6Xfxgqw,"Israel-Iran War: Iran Begins Counter Strike, Launches Missiles Towards Israel | GRAVITAS HIGHLIGHT",UC_gUM8rL-Lrg6O3adPW9K1g,WION,2026-03-03T10:04:43Z,UgyoMuAJwv3eeP-j6D14AaABAg,,False,@raqz-s1q,UCj6mAqyd3vgLoDgN2QsLL-w,,http://www.youtube.com/@raqz-s1q,Peace be with you all.,772,2026-03-03T13:13:49Z,2026-03-03T13:13:49Z,none,0.0,163,116534,772
Rt1d6Xfxgqw,"Israel-Iran War: Iran Begins Counter Strike, Launches Missiles Towards Israel | GRAVITAS HIGHLIGHT",UC_gUM8rL-Lrg6O3adPW9K1g,WION,2026-03-03T10:04:43Z,Ugx-h97Qx1wgQdDSIqd4AaABAg,,False,@raqz-s1q,UCj6mAqyd3vgLoDgN2QsLL-w,,http://www.youtube.com/@raqz-s1q,"I beseech you stop it, life is precious..",772,2026-03-03T13:12:54Z,2026-03-03T13:12:54Z,none,0.0,163,116534,772
Rt1d6Xfxgqw,"Israel-Iran War: Iran Begins Counter Strike, Launches Missiles Towards Israel | GRAVITAS HIGHLIGHT",UC_gUM8rL-Lrg6O3adPW9K1g,WION,2026-03-03T10:04:43Z,UgzFXCdN4StJ9fwQmll4AaABAg,,False,@TheVendor1260,UCn5BYFFZJfqqzkwc6XfbvVA,,http://www.youtube.com/@TheVendor1260,"Politicians dont give any qualms about the welfare of anyone else,  even their own citizens. Their foremost concern is to achieve their end. The nine who died and their relatives don't care about what number and what the goal is. They are dead, and others are mourning. Numbers don't make sense.",772,2026-03-03T13:02:22Z,2026-03-03T13:02:22Z,none,0.0,163,116534,772
Rt1d6Xfxgqw,"Israel-Iran War: Iran Begins Counter Strike, Launches Missiles Towards Israel | GRAVITAS HIGHLIGHT",UC_gUM8rL-Lrg6O3adPW9K1g,WION,2026-03-03T10:04:43Z,UgwZT3GO2ZMsVkTsO6J4AaABAg,,False,@anwartemam5168,UClMWek26GpqXsWqrHc3tpfQ,,http://www.youtube.com/@anwartemam5168,Forget about regime changes Iran is not Venezuela or Syria! Iran will fight Iran will win inshallah,772,2026-03-03T12:59:42Z,2026-03-03T12:59:42Z,none,0.0,163,116534,772
Rt1d6Xfxgqw,"Israel-Iran War: Iran Begins Counter Strike, Launches Missiles Towards Israel | GRAVITAS HIGHLIGHT",UC_gUM8rL-Lrg6O3adPW9K1g,WION,2026-03-03T10:04:43Z,UgzqvuLrEcTDg-ZAHkJ4AaABAg,,False,@ErnenicoGregor-r6i,UCxeS1t3inAsRboln-Dc3H_w,,http://www.youtube.com/@ErnenicoGregor-r6i,"NATO's friends are asking the US to join the war in Gaza, the Middle East. NATO will help Israel and the US, so what? What's so crazy is that NATO is playing blind while Trump is clear about Europe.",772,2026-03-03T12:58:35Z,2026-03-03T12:58:35Z,none,0.0,163,116534,772
Rt1d6Xfxgqw,"Israel-Iran War: Iran Begins Counter Strike, Launches Missiles Towards Israel | GRAVITAS HIGHLIGHT",UC_gUM8rL-Lrg6O3adPW9K1g,WION,2026-03-03T10:04:43Z,UgzSvL6N5qnl-XOupah4AaABAg,,False,@Franceman_nn,UCZuU6JB-kisPZv8uTDWY1hg,,http://www.youtube.com/@Franceman_nn,"I love the USA and Israeli strikes on Iran and if you dont love it, f urself then go to hell and join the Ayatollah...",772,2026-03-03T12:55:50Z,2026-03-03T12:55:50Z,none,0.0,163,116534,772
Rt1d6Xfxgqw,"Israel-Iran War: Iran Begins Counter Strike, Launches Missiles Towards Israel | GRAVITAS HIGHLIGHT",UC_gUM8rL-Lrg6O3adPW9K1g,WION,2026-03-03T10:04:43Z,UgzDR3Qw2mdIsNhDz_d4AaABAg,,False,@rolandserbo3347,UCzWUSycfwjNFYP8c7B17bXQ,,http://www.youtube.com/@rolandserbo3347,Iran where?,772,2026-03-03T12:49:08Z,2026-03-03T12:49:08Z,none,0.0,163,116534,772
Rt1d6Xfxgqw,"Israel-Iran War: Iran Begins Counter Strike, Launches Missiles Towards Israel | GRAVITAS HIGHLIGHT",UC_gUM8rL-Lrg6O3adPW9K1g,WION,2026-03-03T10:04:43Z,UgysIVmna_Juw1QrIjt4AaABAg,,False,@ErnenicoGregor-r6i,UCxeS1t3inAsRboln-Dc3H_w,,http://www.youtube.com/@ErnenicoGregor-r6i,Khamenei belong to the people death khameney means that Israel and the usa death citizens that man is also a citizens do simple is it,772,2026-03-03T12:49:07Z,2026-03-03T12:49:07Z,none,0.0,163,116534,772
Rt1d6Xfxgqw,"Israel-Iran War: Iran Begins Counter Strike, Launches Missiles Towards Israel | GRAVITAS HIGHLIGHT",UC_gUM8rL-Lrg6O3adPW9K1g,WION,2026-03-03T10:04:43Z,Ugy_762hswr0x0arIdB4AaABAg,,False,@mojammelhuque7087,UCaFvdlYHdVBPZiugdvp5pSg,,http://www.youtube.com/@mojammelhuque7087,Isrile cat and fox iran attack Israeli running bankar😂😂😂😂😂😂,772,2026-03-03T12:47:23Z,2026-03-03T12:47:23Z,none,0.0,163,116534,772
Rt1d6Xfxgqw,"Israel-Iran War: Iran Begins Counter Strike, Launches Missiles Towards Israel | GRAVITAS HIGHLIGHT",UC_gUM8rL-Lrg6O3adPW9K1g,WION,2026-03-03T10:04:43Z,UgxLaqT9w8yEYTYmo5J4AaABAg,,False,@maemulles1385,UCutFKebYabr7dOtUP0niwCg,,http://www.youtube.com/@maemulles1385,Pray for Iran they’re fighting alone,772,2026-03-03T12:46:37Z,2026-03-03T12:46:37Z,none,0.0,163,116534,772
Rt1d6Xfxgqw,"Israel-Iran War: Iran Begins Counter Strike, Launches Missiles Towards Israel | GRAVITAS HIGHLIGHT",UC_gUM8rL-Lrg6O3adPW9K1g,WION,2026-03-03T10:04:43Z,Ugwjg_ybtmuPyB1GDIx4AaABAg,,False,@ミツキ-p4l,UCvQeu6I59yMcX7jqXGta8aQ,,http://www.youtube.com/@%E3%83%9F%E3%83%84%E3%82%AD-p4l,US & ISRAEL started an offensive attacK NOT Iran,772,2026-03-03T12:45:49Z,2026-03-03T12:45:49Z,none,0.0,163,116534,772
Rt1d6Xfxgqw,"Israel-Iran War: Iran Begins Counter Strike, Launches Missiles Towards Israel | GRAVITAS HIGHLIGHT",UC_gUM8rL-Lrg6O3adPW9K1g,WION,2026-03-03T10:04:43Z,UgxaZS9ArXTNXNB7QCp4AaABAg,,False,@its_dionysian,UCJl5hg26Py56AepH-y1hFqA,,http://www.youtube.com/@its_dionysian,Nice AI😂,772,2026-03-03T12:44:46Z,2026-03-03T12:44:46Z,none,0.0,163,116534,772
Rt1d6Xfxgqw,"Israel-Iran War: Iran Begins Counter Strike, Launches Missiles Towards Israel | GRAVITAS HIGHLIGHT",UC_gUM8rL-Lrg6O3adPW9K1g,WION,2026-03-03T10:04:43Z,UgzOWphL_2K06ihjJb54AaABAg,,False,@Webby1011,UCUUWyLxFbhd7G_xhWfCrVjA,,http://www.youtube.com/@Webby1011,Starmer should keep quiet and let the adults in the room talk.,772,2026-03-03T12:44:35Z,2026-03-03T12:44:35Z,none,0.0,163,116534,772
Rt1d6Xfxgqw,"Israel-Iran War: Iran Begins Counter Strike, Launches Missiles Towards Israel | GRAVITAS HIGHLIGHT",UC_gUM8rL-Lrg6O3adPW9K1g,WION,2026-03-03T10:04:43Z,Ugz_CyVcp2BIjtyfXQh4AaABAg,,False,@christhecitizen,UCnogBqaKHOi0oultDgYQXYQ,,http://www.youtube.com/@christhecitizen,They attacked other ppl and claim they are defending stfu and they need to get him and eliminate him,772,2026-03-03T12:31:10Z,2026-03-03T12:31:10Z,none,0.0,163,116534,772
Rt1d6Xfxgqw,"Israel-Iran War: Iran Begins Counter Strike, Launches Missiles Towards Israel | GRAVITAS HIGHLIGHT",UC_gUM8rL-Lrg6O3adPW9K1g,WION,2026-03-03T10:04:43Z,UgwnVD7jXudkjjAIoOZ4AaABAg,,False,@MrAnwarab,UCvjJKAaahtyt4tWmH8T4fAQ,,http://www.youtube.com/@MrAnwarab,Please tell us the road to join iran,772,2026-03-03T12:26:48Z,2026-03-03T12:26:48Z,none,0.0,163,116534,772
Rt1d6Xfxgqw,"Israel-Iran War: Iran Begins Counter Strike, Launches Missiles Towards Israel | GRAVITAS HIGHLIGHT",UC_gUM8rL-Lrg6O3adPW9K1g,WION,2026-03-03T10:04:43Z,UgxYcVp7CBj4AGAGz0p4AaABAg,,False,@MrAnwarab,UCvjJKAaahtyt4tWmH8T4fAQ,,http://www.youtube.com/@MrAnwarab,Demolish the called 'UN' entity,772,2026-03-03T12:25:37Z,2026-03-03T12:25:37Z,none,0.0,163,116534,772
Rt1d6Xfxgqw,"Israel-Iran War: Iran Begins Counter Strike, Launches Missiles Towards Israel | GRAVITAS HIGHLIGHT",UC_gUM8rL-Lrg6O3adPW9K1g,WION,2026-03-03T10:04:43Z,Ugxhp00V7JsPQ4O6Rbd4AaABAg,,False,@jeetmehta8246,UCttVMw9-n5KLLGPpWiFJ17Q,IN,http://www.youtube.com/@jeetmehta8246,"Misleading video title. The video is largely about Pakistan's reaction to khameneis killing whereas the title is 'Iran launches counter attack, Launches Missiles Towards Israel'",772,2026-03-03T12:24:36Z,2026-03-03T12:24:36Z,none,0.0,163,116534,772
Rt1d6Xfxgqw,"Israel-Iran War: Iran Begins Counter Strike, Launches Missiles Towards Israel | GRAVITAS HIGHLIGHT",UC_gUM8rL-Lrg6O3adPW9K1g,WION,2026-03-03T10:04:43Z,UgzXynfqR3OQaxrIMD14AaABAg,,False,@MrAnwarab,UCvjJKAaahtyt4tWmH8T4fAQ,,http://www.youtube.com/@MrAnwarab,They can get it (atom) from any alie,772,2026-03-03T12:23:46Z,2026-03-03T12:23:46Z,none,0.0,163,116534,772
Rt1d6Xfxgqw,"Israel-Iran War: Iran Begins Counter Strike, Launches Missiles Towards Israel | GRAVITAS HIGHLIGHT",UC_gUM8rL-Lrg6O3adPW9K1g,WION,2026-03-03T10:04:43Z,Ugz8Sdc6nDqfYcJau9V4AaABAg,,False,@PaulGolden-m4i,UC_OoJ2peUIldQcqXql_oHhw,,http://www.youtube.com/@PaulGolden-m4i,"The Allies are openly mobilizing with the US and Israel,while Russia and China who claim to be the strongest allies of Iran are only issuing statements as Iran stands alon against almost all the Western nuclear armed forces.
Shame on Russia",772,2026-03-03T12:22:31Z,2026-03-03T12:22:31Z,none,0.0,163,116534,772
Rt1d6Xfxgqw,"Israel-Iran War: Iran Begins Counter Strike, Launches Missiles Towards Israel | GRAVITAS HIGHLIGHT",UC_gUM8rL-Lrg6O3adPW9K1g,WION,2026-03-03T10:04:43Z,Ugw_hlHyYpaO4dYcTox4AaABAg,,False,@boomerang9479,UCJeOog6uGywt9l-_gM4QeiQ,,http://www.youtube.com/@boomerang9479,Samgh parivar coming to pritect israel with cow mootr😂😂,772,2026-03-03T12:21:55Z,2026-03-03T12:21:55Z,none,0.0,163,116534,772
Rt1d6Xfxgqw,"Israel-Iran War: Iran Begins Counter Strike, Launches Missiles Towards Israel | GRAVITAS HIGHLIGHT",UC_gUM8rL-Lrg6O3adPW9K1g,WION,2026-03-03T10:04:43Z,UgyT3QHO5sUab6lQT5J4AaABAg,,False,@Killane10,UCVuV45yJpqq-Ph9bMXdGlVQ,,http://www.youtube.com/@Killane10,Sadly we peaceful people of the UK are living in the same world as the peaceful people of Germany did pre world war.  Trump is the Hitler of this story.  The only real difference is that we the majority of peaceful people can see all the atrocities unfolding in real time 4k resolution on our smart phones and we just watch and consume our popcorn just like we are at the movies.,772,2026-03-03T12:21:41Z,2026-03-03T12:22:51Z,none,0.0,163,116534,772
Rt1d6Xfxgqw,"Israel-Iran War: Iran Begins Counter Strike, Launches Missiles Towards Israel | GRAVITAS HIGHLIGHT",UC_gUM8rL-Lrg6O3adPW9K1g,WION,2026-03-03T10:04:43Z,UgzX4j-BM4BPGY6amQ54AaABAg,,False,@yonderstardhar8055,UC9kFpgFRkfm0IbhdgEF0LuA,,http://www.youtube.com/@yonderstardhar8055,Indian news always hearsay.,772,2026-03-03T12:19:31Z,2026-03-03T12:20:33Z,none,0.0,163,116534,772
Rt1d6Xfxgqw,"Israel-Iran War: Iran Begins Counter Strike, Launches Missiles Towards Israel | GRAVITAS HIGHLIGHT",UC_gUM8rL-Lrg6O3adPW9K1g,WION,2026-03-03T10:04:43Z,UgzQdQuvljUjAy3zR9V4AaABAg,,False,@JoshKharpuri,UC9B7TK2lUpcujR9C4J9PKJA,,http://www.youtube.com/@JoshKharpuri,"All cowards except China n Russia, they are scared of U.S.A n isreal..",772,2026-03-03T12:19:31Z,2026-03-03T12:19:31Z,none,0.0,163,116534,772
Rt1d6Xfxgqw,"Israel-Iran War: Iran Begins Counter Strike, Launches Missiles Towards Israel | GRAVITAS HIGHLIGHT",UC_gUM8rL-Lrg6O3adPW9K1g,WION,2026-03-03T10:04:43Z,UgzcDW1RJ0rTwpjmXZ54AaABAg,,False,@BAYBAY_316,UCRg7TNsY2KSkPWKwASm6HMg,,http://www.youtube.com/@BAYBAY_316,"It's so comical when China and Russia use the "" against international law"" line",772,2026-03-03T12:16:52Z,2026-03-03T12:16:52Z,none,0.0,163,116534,772
Rt1d6Xfxgqw,"Israel-Iran War: Iran Begins Counter Strike, Launches Missiles Towards Israel | GRAVITAS HIGHLIGHT",UC_gUM8rL-Lrg6O3adPW9K1g,WION,2026-03-03T10:04:43Z,Ugz8JsN0fYC7jJx1Sfx4AaABAg,,False,@bhagwantsinghsandhu5047,UCd5tbwcmmEPE576WfIJdpWA,,http://www.youtube.com/@bhagwantsinghsandhu5047,"Well done Iran, genuine world is with you. Carry on with full strength and spirit",772,2026-03-03T12:16:13Z,2026-03-03T12:16:13Z,none,0.0,163,116534,772
Rt1d6Xfxgqw,"Israel-Iran War: Iran Begins Counter Strike, Launches Missiles Towards Israel | GRAVITAS HIGHLIGHT",UC_gUM8rL-Lrg6O3adPW9K1g,WION,2026-03-03T10:04:43Z,Ugx31OYdUIm9s4RD76B4AaABAg,,False,@bhagwantsinghsandhu5047,UCd5tbwcmmEPE576WfIJdpWA,,http://www.youtube.com/@bhagwantsinghsandhu5047,"Modi ji, Trump ka paltu kutta matt bane rahiye. Dimag, dil aur zuban kholiye",772,2026-03-03T12:14:36Z,2026-03-03T12:14:36Z,none,0.0,163,116534,772
Rt1d6Xfxgqw,"Israel-Iran War: Iran Begins Counter Strike, Launches Missiles Towards Israel | GRAVITAS HIGHLIGHT",UC_gUM8rL-Lrg6O3adPW9K1g,WION,2026-03-03T10:04:43Z,Ugw-SvinuSeWG70K-V94AaABAg,,False,@skp-e2u,UCHMnrPK-Jp_vsodwGJsCG0g,,http://www.youtube.com/@skp-e2u,Paxton is protesting . demand should be met  🤣,772,2026-03-03T12:12:06Z,2026-03-03T12:12:06Z,none,0.0,163,116534,772
Rt1d6Xfxgqw,"Israel-Iran War: Iran Begins Counter Strike, Launches Missiles Towards Israel | GRAVITAS HIGHLIGHT",UC_gUM8rL-Lrg6O3adPW9K1g,WION,2026-03-03T10:04:43Z,UgyyhpFDZZM9K0mrv-t4AaABAg,,False,@DonBeynon,UCt9E1bzFS-HulPBqAmjsVrg,,http://www.youtube.com/@DonBeynon,Get Putin next than Xi and diaper 💩 don there no more issues,772,2026-03-03T12:11:47Z,2026-03-03T12:11:47Z,none,0.0,163,116534,772
Rt1d6Xfxgqw,"Israel-Iran War: Iran Begins Counter Strike, Launches Missiles Towards Israel | GRAVITAS HIGHLIGHT",UC_gUM8rL-Lrg6O3adPW9K1g,WION,2026-03-03T10:04:43Z,UgxukJdpru0pwQvlnjZ4AaABAg,,False,@rime1090,UCPAVNsiXXv4ZjSYDVutu2Ig,,http://www.youtube.com/@rime1090,"Some countries like Germany,France,Great Britain,bark from the distance,to apparently side up with USA,but none decisively had taken the initiative of starting any war ever in that region,as USA put pressure on them saying “if not with us you are against us”,and forcing them into a coalition like in Iraq,another illegal war for the “same”reasons",772,2026-03-03T12:11:36Z,2026-03-03T12:11:36Z,none,0.0,163,116534,772
Rt1d6Xfxgqw,"Israel-Iran War: Iran Begins Counter Strike, Launches Missiles Towards Israel | GRAVITAS HIGHLIGHT",UC_gUM8rL-Lrg6O3adPW9K1g,WION,2026-03-03T10:04:43Z,UgzWOsfftNi6g0dpNPp4AaABAg,,False,@joshbouman1654,UCPCFrpsPdYU1ZYPHt2m3T0w,,http://www.youtube.com/@joshbouman1654,Operation Cowardly Lion,772,2026-03-03T12:09:19Z,2026-03-03T12:09:19Z,none,0.0,163,116534,772
Rt1d6Xfxgqw,"Israel-Iran War: Iran Begins Counter Strike, Launches Missiles Towards Israel | GRAVITAS HIGHLIGHT",UC_gUM8rL-Lrg6O3adPW9K1g,WION,2026-03-03T10:04:43Z,Ugy7cmBRw0cfxejMUqB4AaABAg,,False,@Bensara-d2z,UCL-MhygHS-IIFyK2gHAvIog,,http://www.youtube.com/@Bensara-d2z,"Zar nisi odvrnuo,radovali se,ali vice bice soon",772,2026-03-03T12:08:03Z,2026-03-03T12:08:03Z,none,0.0,163,116534,772
Rt1d6Xfxgqw,"Israel-Iran War: Iran Begins Counter Strike, Launches Missiles Towards Israel | GRAVITAS HIGHLIGHT",UC_gUM8rL-Lrg6O3adPW9K1g,WION,2026-03-03T10:04:43Z,UgzlLNIyqmZZzGpY6nd4AaABAg,,False,@Kogi-pastor,UCbbBL5NZaMBA6kKGlrCj2qw,,http://www.youtube.com/@Kogi-pastor,"Gradually is turning to NATO against IRAN 😅, I hope Russia and China realize now and take necessary steps.",772,2026-03-03T12:06:53Z,2026-03-03T12:06:53Z,none,0.0,163,116534,772
Rt1d6Xfxgqw,"Israel-Iran War: Iran Begins Counter Strike, Launches Missiles Towards Israel | GRAVITAS HIGHLIGHT",UC_gUM8rL-Lrg6O3adPW9K1g,WION,2026-03-03T10:04:43Z,Ugyuw5jdJzQnXZ5HYOx4AaABAg,,False,@Bison-102,UC9j8xPh7kHmHNYfiLuPpPxg,,http://www.youtube.com/@Bison-102,The Operation of Crying Lions.,772,2026-03-03T12:04:30Z,2026-03-03T12:04:30Z,none,0.0,163,116534,772
Rt1d6Xfxgqw,"Israel-Iran War: Iran Begins Counter Strike, Launches Missiles Towards Israel | GRAVITAS HIGHLIGHT",UC_gUM8rL-Lrg6O3adPW9K1g,WION,2026-03-03T10:04:43Z,Ugwg62jAvFc6QTKM_Zx4AaABAg,,False,@ramanas1831,UCeDuGSmgCyCGQSWc7eoThDQ,,http://www.youtube.com/@ramanas1831,Dhobhi ka kutta naa ghar ka naa ghar ka😂😂😂😂,772,2026-03-03T11:59:43Z,2026-03-03T11:59:43Z,none,0.0,163,116534,772
Rt1d6Xfxgqw,"Israel-Iran War: Iran Begins Counter Strike, Launches Missiles Towards Israel | GRAVITAS HIGHLIGHT",UC_gUM8rL-Lrg6O3adPW9K1g,WION,2026-03-03T10:04:43Z,Ugw8UTFQ0HIEn6avY4R4AaABAg,,False,@DannyDuba-te2rj,UCYVDufvu1pToeacovkOKrwg,,http://www.youtube.com/@DannyDuba-te2rj,😅😅😅😅😅😅😅,772,2026-03-03T11:55:00Z,2026-03-03T11:55:00Z,none,0.0,163,116534,772
Rt1d6Xfxgqw,"Israel-Iran War: Iran Begins Counter Strike, Launches Missiles Towards Israel | GRAVITAS HIGHLIGHT",UC_gUM8rL-Lrg6O3adPW9K1g,WION,2026-03-03T10:04:43Z,UgwdVnr865vCGifar314AaABAg,,False,@tales3923,UCzx00t_fDtF7NJhY4vAwGCQ,,http://www.youtube.com/@tales3923,How Iran no kill Israel prime minister yet,772,2026-03-03T11:52:43Z,2026-03-03T11:52:43Z,none,0.0,163,116534,772
Rt1d6Xfxgqw,"Israel-Iran War: Iran Begins Counter Strike, Launches Missiles Towards Israel | GRAVITAS HIGHLIGHT",UC_gUM8rL-Lrg6O3adPW9K1g,WION,2026-03-03T10:04:43Z,Ugx5QqprcCkT2yi89Ud4AaABAg,,False,@R.Hastings,UCP2kpjYI6YCjIjV4bW5teig,US,http://www.youtube.com/@R.Hastings,"Fucking Funny Puttin talk about Criminal Offence  Idiot Invaded Ukraine and Talk about the Morals of Other Nations !! Anyway, this is world war3",772,2026-03-03T11:44:27Z,2026-03-03T11:44:27Z,none,0.0,163,116534,772
Rt1d6Xfxgqw,"Israel-Iran War: Iran Begins Counter Strike, Launches Missiles Towards Israel | GRAVITAS HIGHLIGHT",UC_gUM8rL-Lrg6O3adPW9K1g,WION,2026-03-03T10:04:43Z,Ugw-MRqUlm37b14BU-54AaABAg,,False,@ahmad06515able,UCwK772opJX8FnI6YqoBAUWA,,http://www.youtube.com/@ahmad06515able,operation Pigs roar,772,2026-03-03T11:42:27Z,2026-03-03T11:42:27Z,none,0.0,163,116534,772
Rt1d6Xfxgqw,"Israel-Iran War: Iran Begins Counter Strike, Launches Missiles Towards Israel | GRAVITAS HIGHLIGHT",UC_gUM8rL-Lrg6O3adPW9K1g,WION,2026-03-03T10:04:43Z,Ugz0MX2MiSaeNu7Ks2h4AaABAg,,False,@JoJoe-o9s,UClH4gEZi-9sLbwUiOabQt1w,,http://www.youtube.com/@JoJoe-o9s,Iran 🇮🇷 🇮🇷 should be continue to counter Attack 👍,772,2026-03-03T11:42:13Z,2026-03-03T11:42:13Z,none,2.0,163,116534,772
Rt1d6Xfxgqw,"Israel-Iran War: Iran Begins Counter Strike, Launches Missiles Towards Israel | GRAVITAS HIGHLIGHT",UC_gUM8rL-Lrg6O3adPW9K1g,WION,2026-03-03T10:04:43Z,UgwaQbi3JBPCuuaQs8V4AaABAg,,False,@JoJoe-o9s,UClH4gEZi-9sLbwUiOabQt1w,,http://www.youtube.com/@JoJoe-o9s,Iran 🇮🇷 🇮🇷 should be continue to counter Attack 👍,772,2026-03-03T11:42:01Z,2026-03-03T11:42:01Z,none,0.0,163,116534,772
Rt1d6Xfxgqw,"Israel-Iran War: Iran Begins Counter Strike, Launches Missiles Towards Israel | GRAVITAS HIGHLIGHT",UC_gUM8rL-Lrg6O3adPW9K1g,WION,2026-03-03T10:04:43Z,UgxTz5xwgJzPe-T-e3N4AaABAg,,False,@JoJoe-o9s,UClH4gEZi-9sLbwUiOabQt1w,,http://www.youtube.com/@JoJoe-o9s,Iran 🇮🇷 🇮🇷 should be continue to counter Attack 👍,772,2026-03-03T11:41:50Z,2026-03-03T11:41:50Z,none,0.0,163,116534,772
Rt1d6Xfxgqw,"Israel-Iran War: Iran Begins Counter Strike, Launches Missiles Towards Israel | GRAVITAS HIGHLIGHT",UC_gUM8rL-Lrg6O3adPW9K1g,WION,2026-03-03T10:04:43Z,UgyT2RRKTWMBHvRf-jN4AaABAg,,False,@shahwaliamiri8992,UCoV_ErGutDOCK67LHt0JERw,,http://www.youtube.com/@shahwaliamiri8992,It's irritating to hear the news readers continously mispronounce the Iranian leader It's KHAMENEI NOT KHOMEINI if you can't pronounce it perfectly at least try it.,772,2026-03-03T11:34:29Z,2026-03-03T11:34:29Z,none,0.0,163,116534,772
Rt1d6Xfxgqw,"Israel-Iran War: Iran Begins Counter Strike, Launches Missiles Towards Israel | GRAVITAS HIGHLIGHT",UC_gUM8rL-Lrg6O3adPW9K1g,WION,2026-03-03T10:04:43Z,UgyngR4XAfxkgjCbVcB4AaABAg,,False,@jayaraman5643,UCaTBwpwqU7xx0fiVGV99ozA,,http://www.youtube.com/@jayaraman5643,இஸ்ரேல் மொத்தமாக அழிவதை யாரும் தடுத்து நிறுத்திவிட முடியாது என்றே தோன்றுகிறது,772,2026-03-03T11:32:47Z,2026-03-03T11:32:47Z,none,0.0,163,116534,772
Rt1d6Xfxgqw,"Israel-Iran War: Iran Begins Counter Strike, Launches Missiles Towards Israel | GRAVITAS HIGHLIGHT",UC_gUM8rL-Lrg6O3adPW9K1g,WION,2026-03-03T10:04:43Z,Ugwp21MboG8m3sPL7QZ4AaABAg,,False,@SN-cq4fy,UCC1ei6wN7IdxgUH3Tlw9KdA,US,http://www.youtube.com/@SN-cq4fy,"Pakistan nominates TRUMp for peace prize and next day attacks on Iran happen, then it gets money from IMF, Then it goes to meeting on Gaza and promises $1B supporting USA. And now joins Suadi Arabia in critisizng TRUMP?",772,2026-03-03T11:23:56Z,2026-03-03T11:23:56Z,none,0.0,163,116534,772
Rt1d6Xfxgqw,"Israel-Iran War: Iran Begins Counter Strike, Launches Missiles Towards Israel | GRAVITAS HIGHLIGHT",UC_gUM8rL-Lrg6O3adPW9K1g,WION,2026-03-03T10:04:43Z,UgwJ2WoPYWtE_k9Ozt54AaABAg,,False,@SN-cq4fy,UCC1ei6wN7IdxgUH3Tlw9KdA,US,http://www.youtube.com/@SN-cq4fy,"Pakistan nominates TRUMp for peace prize and next day attacks on Iran happen, then it gets money from IMF, Then it goes to meeting on Gaza and promises $1B supporting USA. And now joins Suadi Arabia in critisizng TRUMP? :)",772,2026-03-03T11:23:21Z,2026-03-03T11:23:41Z,none,0.0,163,116534,772
Rt1d6Xfxgqw,"Israel-Iran War: Iran Begins Counter Strike, Launches Missiles Towards Israel | GRAVITAS HIGHLIGHT",UC_gUM8rL-Lrg6O3adPW9K1g,WION,2026-03-03T10:04:43Z,UgxhQJQuqy6W__j3zDZ4AaABAg,,False,@G-tv6276,UCvy9kPUS4QNXswQMApEZRnQ,,http://www.youtube.com/@G-tv6276,this people are British colony,772,2026-03-03T11:21:49Z,2026-03-03T11:22:08Z,none,0.0,163,116534,772
Rt1d6Xfxgqw,"Israel-Iran War: Iran Begins Counter Strike, Launches Missiles Towards Israel | GRAVITAS HIGHLIGHT",UC_gUM8rL-Lrg6O3adPW9K1g,WION,2026-03-03T10:04:43Z,Ugx-iE1UF-J8XzfZU9F4AaABAg,,False,@shalomomo9991,UC9ry6VrvtZ8BoWUUMIzqU_A,,http://www.youtube.com/@shalomomo9991,"How many US citizen have trump killed, jailed and injured this year",772,2026-03-03T11:18:15Z,2026-03-03T11:18:15Z,none,0.0,163,116534,772
Rt1d6Xfxgqw,"Israel-Iran War: Iran Begins Counter Strike, Launches Missiles Towards Israel | GRAVITAS HIGHLIGHT",UC_gUM8rL-Lrg6O3adPW9K1g,WION,2026-03-03T10:04:43Z,Ugzj1MjkJ2pnM0RV5Jx4AaABAg,,False,@hirazera3362,UCUh7DlNWXM4zpKg4Ie7NJzA,IN,http://www.youtube.com/@hirazera3362,british guy their are the main problem of the world,772,2026-03-03T11:17:10Z,2026-03-03T11:17:10Z,none,0.0,163,116534,772
Rt1d6Xfxgqw,"Israel-Iran War: Iran Begins Counter Strike, Launches Missiles Towards Israel | GRAVITAS HIGHLIGHT",UC_gUM8rL-Lrg6O3adPW9K1g,WION,2026-03-03T10:04:43Z,Ugxm5rp_OdiJL-Q09Et4AaABAg,,False,@shalomomo9991,UC9ry6VrvtZ8BoWUUMIzqU_A,,http://www.youtube.com/@shalomomo9991,US house pet open fire on civilian and that is why US think everybody is stupid,772,2026-03-03T11:16:18Z,2026-03-03T11:16:18Z,none,0.0,163,116534,772
Rt1d6Xfxgqw,"Israel-Iran War: Iran Begins Counter Strike, Launches Missiles Towards Israel | GRAVITAS HIGHLIGHT",UC_gUM8rL-Lrg6O3adPW9K1g,WION,2026-03-03T10:04:43Z,UgxXikG0mzbpdScZIjl4AaABAg,,False,@DanielNdlovu-nu6op,UCxInj9bb5jyBRVXD1bMaQCA,,http://www.youtube.com/@DanielNdlovu-nu6op,Iran putting British citizens at risk like they are the ones who started the attack. Western politicians are disgusting,772,2026-03-03T11:16:12Z,2026-03-03T11:16:12Z,none,0.0,163,116534,772
Rt1d6Xfxgqw,"Israel-Iran War: Iran Begins Counter Strike, Launches Missiles Towards Israel | GRAVITAS HIGHLIGHT",UC_gUM8rL-Lrg6O3adPW9K1g,WION,2026-03-03T10:04:43Z,Ugy2EghBOArZYqPfO3R4AaABAg,,False,@shalomomo9991,UC9ry6VrvtZ8BoWUUMIzqU_A,,http://www.youtube.com/@shalomomo9991,Any governnent against iran should be overthrown,772,2026-03-03T11:14:50Z,2026-03-03T11:14:50Z,none,0.0,163,116534,772
Rt1d6Xfxgqw,"Israel-Iran War: Iran Begins Counter Strike, Launches Missiles Towards Israel | GRAVITAS HIGHLIGHT",UC_gUM8rL-Lrg6O3adPW9K1g,WION,2026-03-03T10:04:43Z,UgxYGdCyTg-p-UjcKOB4AaABAg,,False,@shalomomo9991,UC9ry6VrvtZ8BoWUUMIzqU_A,,http://www.youtube.com/@shalomomo9991,Israel think they represent the world,772,2026-03-03T11:14:22Z,2026-03-03T11:14:22Z,none,0.0,163,116534,772
Rt1d6Xfxgqw,"Israel-Iran War: Iran Begins Counter Strike, Launches Missiles Towards Israel | GRAVITAS HIGHLIGHT",UC_gUM8rL-Lrg6O3adPW9K1g,WION,2026-03-03T10:04:43Z,UgwGNRCBRQJmBXoM0cV4AaABAg,,False,@shalomomo9991,UC9ry6VrvtZ8BoWUUMIzqU_A,,http://www.youtube.com/@shalomomo9991,Iran have nuclear weapon now . Netanyahu terrorists can't do shit,772,2026-03-03T11:13:59Z,2026-03-03T11:13:59Z,none,0.0,163,116534,772
Rt1d6Xfxgqw,"Israel-Iran War: Iran Begins Counter Strike, Launches Missiles Towards Israel | GRAVITAS HIGHLIGHT",UC_gUM8rL-Lrg6O3adPW9K1g,WION,2026-03-03T10:04:43Z,Ugz8dXz6lGfg5b3qgq14AaABAg,,False,@SufiiNizam-m2b,UCx55s-z4sa2GvfeoGSNeexw,,http://www.youtube.com/@SufiiNizam-m2b,Good job by iran ❤ Netanyahu childriens killing in Gaza,772,2026-03-03T11:13:16Z,2026-03-03T11:13:16Z,none,0.0,163,116534,772
Rt1d6Xfxgqw,"Israel-Iran War: Iran Begins Counter Strike, Launches Missiles Towards Israel | GRAVITAS HIGHLIGHT",UC_gUM8rL-Lrg6O3adPW9K1g,WION,2026-03-03T10:04:43Z,Ugxa5nvm-H9tiq0A9nV4AaABAg,,False,@DanielNdlovu-nu6op,UCxInj9bb5jyBRVXD1bMaQCA,,http://www.youtube.com/@DanielNdlovu-nu6op,Small and weak countries must never trust Russia and China for support.,772,2026-03-03T11:11:41Z,2026-03-03T11:11:41Z,none,4.0,163,116534,772
Rt1d6Xfxgqw,"Israel-Iran War: Iran Begins Counter Strike, Launches Missiles Towards Israel | GRAVITAS HIGHLIGHT",UC_gUM8rL-Lrg6O3adPW9K1g,WION,2026-03-03T10:04:43Z,UgzGzG6UYWLoumvn9sp4AaABAg,,False,@rameshburge1,UCAKbzvbrl0ca_RSC1ieskNQ,,http://www.youtube.com/@rameshburge1,Roaring lion turned into a mewing 😺 cat,772,2026-03-03T11:10:59Z,2026-03-03T11:10:59Z,none,0.0,163,116534,772
Rt1d6Xfxgqw,"Israel-Iran War: Iran Begins Counter Strike, Launches Missiles Towards Israel | GRAVITAS HIGHLIGHT",UC_gUM8rL-Lrg6O3adPW9K1g,WION,2026-03-03T10:04:43Z,Ugw3VGHCSesxfPpS2Ih4AaABAg,,False,@deonjenecker8020,UC6wS8Z1cXXyQQa4qlu-nC4w,,http://www.youtube.com/@deonjenecker8020,"When Pakistan nominates Trump for Nobel peace prize, then I know the world is effed up",772,2026-03-03T11:09:14Z,2026-03-03T11:09:14Z,none,3.0,163,116534,772
Rt1d6Xfxgqw,"Israel-Iran War: Iran Begins Counter Strike, Launches Missiles Towards Israel | GRAVITAS HIGHLIGHT",UC_gUM8rL-Lrg6O3adPW9K1g,WION,2026-03-03T10:04:43Z,UgwxkLByKyC9FNExD814AaABAg,,False,@JohnDoe-pk2hs,UCixcVM0cySCNuidoH3tOKyQ,,http://www.youtube.com/@JohnDoe-pk2hs,US Marines have attacked protesters outside the embassies with automatic weapons.,772,2026-03-03T11:00:14Z,2026-03-03T11:00:14Z,none,2.0,163,116534,772
Rt1d6Xfxgqw,"Israel-Iran War: Iran Begins Counter Strike, Launches Missiles Towards Israel | GRAVITAS HIGHLIGHT",UC_gUM8rL-Lrg6O3adPW9K1g,WION,2026-03-03T10:04:43Z,Ugzvpy6CnYN9dvi2KId4AaABAg,,False,@peterzinia3767,UCODRTA4B-pozBf77hm6lECQ,,http://www.youtube.com/@peterzinia3767,Ther he is!! Hurry up! Before he crawls back into his hole.,772,2026-03-03T10:59:08Z,2026-03-03T10:59:08Z,none,0.0,163,116534,772
Rt1d6Xfxgqw,"Israel-Iran War: Iran Begins Counter Strike, Launches Missiles Towards Israel | GRAVITAS HIGHLIGHT",UC_gUM8rL-Lrg6O3adPW9K1g,WION,2026-03-03T10:04:43Z,UgyM-gA3GUn5I_taghx4AaABAg,,False,@zufrankhan950,UCvEwHjBbLYcmRHiBi3iLMEg,,http://www.youtube.com/@zufrankhan950,Iran have to hit india as well because there is USA and Israel control systems,772,2026-03-03T10:56:35Z,2026-03-03T10:56:35Z,none,1.0,163,116534,772
Rt1d6Xfxgqw,"Israel-Iran War: Iran Begins Counter Strike, Launches Missiles Towards Israel | GRAVITAS HIGHLIGHT",UC_gUM8rL-Lrg6O3adPW9K1g,WION,2026-03-03T10:04:43Z,Ugyo3-zzs95D_NgfrYF4AaABAg,,False,@mohankumarks3747,UCCd8YROQeMKgUVuMW6IFmhg,,http://www.youtube.com/@mohankumarks3747,Sunnis killing converted innocent peacefull shiya protestors 😞,772,2026-03-03T10:54:22Z,2026-03-03T10:54:22Z,none,0.0,163,116534,772
Rt1d6Xfxgqw,"Israel-Iran War: Iran Begins Counter Strike, Launches Missiles Towards Israel | GRAVITAS HIGHLIGHT",UC_gUM8rL-Lrg6O3adPW9K1g,WION,2026-03-03T10:04:43Z,UgywJJI4nKwUrM70AZJ4AaABAg,,False,@joships971,UCWX8FVI1P0fhBpQQ25W5xag,,http://www.youtube.com/@joships971,"Satan is described as a ""roaring lion"" (1 Peter 5:8) seeking to devour, the last days emphasize his role as a master deceiver who masks his destruction with a peaceful, righteous appearance.",772,2026-03-03T10:53:32Z,2026-03-03T10:53:32Z,none,1.0,163,116534,772
Rt1d6Xfxgqw,"Israel-Iran War: Iran Begins Counter Strike, Launches Missiles Towards Israel | GRAVITAS HIGHLIGHT",UC_gUM8rL-Lrg6O3adPW9K1g,WION,2026-03-03T10:04:43Z,UgzC2JbsEpwKsjJQD6J4AaABAg,,False,@johnwilliamsscuba6487,UChb20K64RSvLhiTYZ5TqVcg,,http://www.youtube.com/@johnwilliamsscuba6487,Did that British guy say defensive? What planet is he on? Where a sneak attack is now defensive?,772,2026-03-03T10:52:15Z,2026-03-03T10:52:15Z,none,6.0,163,116534,772
Rt1d6Xfxgqw,"Israel-Iran War: Iran Begins Counter Strike, Launches Missiles Towards Israel | GRAVITAS HIGHLIGHT",UC_gUM8rL-Lrg6O3adPW9K1g,WION,2026-03-03T10:04:43Z,Ugw5VMp2P0UAWx77a_d4AaABAg,,False,@chemix007,UCosB_EQZ1OuWjSF_mXmKLtg,,http://www.youtube.com/@chemix007,If the Iranians they dont go in street Israel is doomed they dont have means to end the war,772,2026-03-03T10:50:18Z,2026-03-03T10:50:18Z,none,0.0,163,116534,772
Rt1d6Xfxgqw,"Israel-Iran War: Iran Begins Counter Strike, Launches Missiles Towards Israel | GRAVITAS HIGHLIGHT",UC_gUM8rL-Lrg6O3adPW9K1g,WION,2026-03-03T10:04:43Z,UgwhX51CfxLa5KPKXEJ4AaABAg,,False,@adyashadas202,UCOl95zS0GvJCwGSTx89YE2A,,http://www.youtube.com/@adyashadas202,Victory to America  and victory to isreal 🙌✌️,772,2026-03-03T10:46:03Z,2026-03-03T10:46:03Z,none,2.0,163,116534,772
Rt1d6Xfxgqw,"Israel-Iran War: Iran Begins Counter Strike, Launches Missiles Towards Israel | GRAVITAS HIGHLIGHT",UC_gUM8rL-Lrg6O3adPW9K1g,WION,2026-03-03T10:04:43Z,Ugw_vWzwqn-VDlkFX1J4AaABAg,,False,@d.bpatil6361,UCWWPKaK0NuQrjGOFit_kd2g,,http://www.youtube.com/@d.bpatil6361,Is your fucking channel agent of Trump/Netanyahu or what? A tout working for zionism.,772,2026-03-03T10:43:54Z,2026-03-03T10:43:54Z,none,0.0,163,116534,772
Rt1d6Xfxgqw,"Israel-Iran War: Iran Begins Counter Strike, Launches Missiles Towards Israel | GRAVITAS HIGHLIGHT",UC_gUM8rL-Lrg6O3adPW9K1g,WION,2026-03-03T10:04:43Z,UgxFp0_y9rpZcD5GTrl4AaABAg,,False,@ronaldinan2619,UCrve4dxvKYwGPVSEpDJiqfA,,http://www.youtube.com/@ronaldinan2619,USA/Israel destroy the ayatollah!!! End the evil islamic regime! Freedom for Iran!!!,772,2026-03-03T10:43:40Z,2026-03-03T10:43:40Z,none,0.0,163,116534,772
Rt1d6Xfxgqw,"Israel-Iran War: Iran Begins Counter Strike, Launches Missiles Towards Israel | GRAVITAS HIGHLIGHT",UC_gUM8rL-Lrg6O3adPW9K1g,WION,2026-03-03T10:04:43Z,UgygRJxUcOsinEBMcDl4AaABAg,,False,@Leela31825,UCQH2lZWqy2Dh8RbQbqcVkkQ,,http://www.youtube.com/@Leela31825,"Begins? They, Iran,  have been banging non stop.. I",772,2026-03-03T10:38:18Z,2026-03-03T16:03:29Z,none,0.0,163,116534,772
Rt1d6Xfxgqw,"Israel-Iran War: Iran Begins Counter Strike, Launches Missiles Towards Israel | GRAVITAS HIGHLIGHT",UC_gUM8rL-Lrg6O3adPW9K1g,WION,2026-03-03T10:04:43Z,Ugx6lXNpP8NPnDJivP54AaABAg,,False,@koprakopra3746,UC4-VdGmco7FqPmxhB2tvxOQ,,http://www.youtube.com/@koprakopra3746,Usa and israil terrorist country.  Every country must need nuclear weapon.  Stupid arab depending on usa for safety.  Learn lesson from north korea.,772,2026-03-03T10:36:19Z,2026-03-03T10:36:19Z,none,0.0,163,116534,772
Rt1d6Xfxgqw,"Israel-Iran War: Iran Begins Counter Strike, Launches Missiles Towards Israel | GRAVITAS HIGHLIGHT",UC_gUM8rL-Lrg6O3adPW9K1g,WION,2026-03-03T10:04:43Z,UgxbABtargurmtluzTd4AaABAg,,False,@Abdul.Najeeb87,UCHjyryBcDbc3aSK_Xq2JbHw,,http://www.youtube.com/@Abdul.Najeeb87,Real basted King salmaan.....,772,2026-03-03T10:35:50Z,2026-03-03T10:35:50Z,none,0.0,163,116534,772
Rt1d6Xfxgqw,"Israel-Iran War: Iran Begins Counter Strike, Launches Missiles Towards Israel | GRAVITAS HIGHLIGHT",UC_gUM8rL-Lrg6O3adPW9K1g,WION,2026-03-03T10:04:43Z,Ugwqu8ksC8r6-Z3O1-l4AaABAg,,False,@Arthur-r9m2v,UC3QznCKcrQQSdLkdd0OT-3A,,http://www.youtube.com/@Arthur-r9m2v,"Give us another news.
You have announced this already.
Where is the new wave?",772,2026-03-03T10:32:48Z,2026-03-03T10:32:48Z,none,0.0,163,116534,772
Rt1d6Xfxgqw,"Israel-Iran War: Iran Begins Counter Strike, Launches Missiles Towards Israel | GRAVITAS HIGHLIGHT",UC_gUM8rL-Lrg6O3adPW9K1g,WION,2026-03-03T10:04:43Z,UgxnWdYrREeA7A9jZFZ4AaABAg,,False,@house2homeplus511,UCRrPj8puU080hzLztR6H5rQ,,http://www.youtube.com/@house2homeplus511,Trump bomb India port...when will India retaliate,772,2026-03-03T10:28:29Z,2026-03-03T10:28:29Z,none,2.0,163,116534,772
Rt1d6Xfxgqw,"Israel-Iran War: Iran Begins Counter Strike, Launches Missiles Towards Israel | GRAVITAS HIGHLIGHT",UC_gUM8rL-Lrg6O3adPW9K1g,WION,2026-03-03T10:04:43Z,UgxgmycA3gnq96c2CSh4AaABAg,,False,@talallaz2305,UC-Y-KyMvLA5k2lYJ0N-oDKA,,http://www.youtube.com/@talallaz2305,Netanyahu the Satan  should be put in jail for war crimes,772,2026-03-03T10:28:24Z,2026-03-03T10:28:24Z,none,0.0,163,116534,772
Rt1d6Xfxgqw,"Israel-Iran War: Iran Begins Counter Strike, Launches Missiles Towards Israel | GRAVITAS HIGHLIGHT",UC_gUM8rL-Lrg6O3adPW9K1g,WION,2026-03-03T10:04:43Z,Ugyuw1KA9s7PzFnU4WR4AaABAg,,False,@amirtharajaraja-r4k,UCDjOi_hZQglPPYzuEr-Vrog,,http://www.youtube.com/@amirtharajaraja-r4k,"TRUMB & BABI   WANTED REGIME CHANGE? YES ,NEW REGIME HAD COME? what next?",772,2026-03-03T10:28:17Z,2026-03-03T10:29:12Z,none,0.0,163,116534,772
Rt1d6Xfxgqw,"Israel-Iran War: Iran Begins Counter Strike, Launches Missiles Towards Israel | GRAVITAS HIGHLIGHT",UC_gUM8rL-Lrg6O3adPW9K1g,WION,2026-03-03T10:04:43Z,UgxDobdMmqPtwQydQGh4AaABAg,,False,@Mircocrocok,UCp3PvcZBkEI0QlX-B10y-bw,,http://www.youtube.com/@Mircocrocok,Pakistan take your Country back the time is now,772,2026-03-03T10:27:53Z,2026-03-03T10:27:53Z,none,0.0,163,116534,772
Rt1d6Xfxgqw,"Israel-Iran War: Iran Begins Counter Strike, Launches Missiles Towards Israel | GRAVITAS HIGHLIGHT",UC_gUM8rL-Lrg6O3adPW9K1g,WION,2026-03-03T10:04:43Z,UgyJLfVfS_Qcdivhxh94AaABAg,,False,@arianagandhi7634,UCY6Zv0F3KdutN5MNGE_-yfw,,http://www.youtube.com/@arianagandhi7634,Deus vult ✠,772,2026-03-03T10:27:43Z,2026-03-03T10:27:43Z,none,0.0,163,116534,772
Rt1d6Xfxgqw,"Israel-Iran War: Iran Begins Counter Strike, Launches Missiles Towards Israel | GRAVITAS HIGHLIGHT",UC_gUM8rL-Lrg6O3adPW9K1g,WION,2026-03-03T10:04:43Z,Ugy_XXXpougfBAeceBd4AaABAg,,False,@whynottalklikeapirat,UCAdOXoWmgpDqKbjlgUtgaHg,,http://www.youtube.com/@whynottalklikeapirat,"I pity neither the American nor Iranian regimes. Both are authoritarian policed states. But I am enraged with the civilian casualties in Iran. It is monstrous and criminal. The whole war initiative, is a fundamentally criminal venture regardless of whether or not you condone the Iranian regime (which personally I do not). I am disgusted that Europe is so slow to clearly condemn it. Even if one has a fundamental humanist interest in seeing a brutal authoritarian regime fall, the US is acting as a rogue state with no regard for law or human lives and it must be condemned in the strongest terms possible. They merit NO allied support (pretending they have any non-dictatorship allies left).",772,2026-03-03T10:27:21Z,2026-03-03T10:28:28Z,none,0.0,163,116534,772
Rt1d6Xfxgqw,"Israel-Iran War: Iran Begins Counter Strike, Launches Missiles Towards Israel | GRAVITAS HIGHLIGHT",UC_gUM8rL-Lrg6O3adPW9K1g,WION,2026-03-03T10:04:43Z,UgyGK4nkEZ2ms-GnNM54AaABAg,,False,@p662,UCtY0ggPugr2qqOEbQM6lyYg,,http://www.youtube.com/@p662,Shame to Chinese and Russian regimes for not supporting Iranian regime 😂😅😅,772,2026-03-03T10:22:47Z,2026-03-03T10:22:47Z,none,1.0,163,116534,772
Rt1d6Xfxgqw,"Israel-Iran War: Iran Begins Counter Strike, Launches Missiles Towards Israel | GRAVITAS HIGHLIGHT",UC_gUM8rL-Lrg6O3adPW9K1g,WION,2026-03-03T10:04:43Z,UgyfbLU_sAdFMLkQfRh4AaABAg,,False,@Teddil-id9ue,UCFimoFM3jCcx6mKhvExeN5A,,http://www.youtube.com/@Teddil-id9ue,"Shut up, China. You're a bully too!",772,2026-03-03T10:19:59Z,2026-03-03T10:19:59Z,none,0.0,163,116534,772
Rt1d6Xfxgqw,"Israel-Iran War: Iran Begins Counter Strike, Launches Missiles Towards Israel | GRAVITAS HIGHLIGHT",UC_gUM8rL-Lrg6O3adPW9K1g,WION,2026-03-03T10:04:43Z,UgxW7rgLtLDfriBErox4AaABAg,,False,@oldfartjohnson6354,UCm5fIs4DbOXkcYjejmMhrIQ,,http://www.youtube.com/@oldfartjohnson6354,Great Britain and France should stay out of it.Those countries being hit have strong financial ties and bases with America.Of course it was murder if you bomb a leader in the middle of negotiations.What else can you call it?Iranian forces were not a threat.All of this is because Israel owns American politics and the current president either with money or black mail due to Epstein.,772,2026-03-03T10:18:55Z,2026-03-03T10:18:55Z,none,0.0,163,116534,772
Rt1d6Xfxgqw,"Israel-Iran War: Iran Begins Counter Strike, Launches Missiles Towards Israel | GRAVITAS HIGHLIGHT",UC_gUM8rL-Lrg6O3adPW9K1g,WION,2026-03-03T10:04:43Z,Ugw4h1vsIKl4v-vsmzl4AaABAg,,False,@CaviteDasmaFireworks,UCtx05qe35roTVBTCVr0SLnw,,http://www.youtube.com/@CaviteDasmaFireworks,China really 😂😂,772,2026-03-03T10:17:18Z,2026-03-03T10:17:18Z,none,0.0,163,116534,772
Rt1d6Xfxgqw,"Israel-Iran War: Iran Begins Counter Strike, Launches Missiles Towards Israel | GRAVITAS HIGHLIGHT",UC_gUM8rL-Lrg6O3adPW9K1g,WION,2026-03-03T10:04:43Z,Ugwu4YLBOed1E5wVB9R4AaABAg,,False,@p662,UCtY0ggPugr2qqOEbQM6lyYg,,http://www.youtube.com/@p662,Well done USA 🇺🇸 and 🇮🇱 Israel Let's do it...,772,2026-03-03T10:16:20Z,2026-03-03T10:16:20Z,none,3.0,163,116534,772
Rt1d6Xfxgqw,"Israel-Iran War: Iran Begins Counter Strike, Launches Missiles Towards Israel | GRAVITAS HIGHLIGHT",UC_gUM8rL-Lrg6O3adPW9K1g,WION,2026-03-03T10:04:43Z,UgyAlDc6OMS_KTEjnx14AaABAg,,False,@MarlonSeetaram,UCAEHLPPYTlJu6XG4LkiQtaA,,http://www.youtube.com/@MarlonSeetaram,It should be 9000,772,2026-03-03T10:15:52Z,2026-03-03T10:15:52Z,none,0.0,163,116534,772
Rt1d6Xfxgqw,"Israel-Iran War: Iran Begins Counter Strike, Launches Missiles Towards Israel | GRAVITAS HIGHLIGHT",UC_gUM8rL-Lrg6O3adPW9K1g,WION,2026-03-03T10:04:43Z,Ugx26VdOhvYQse3PC0F4AaABAg,,False,@9CliveNathanFernandes,UCtFvqjKO3puT9EIBpTbyvsA,,http://www.youtube.com/@9CliveNathanFernandes,"Why dont youll talk leaders please ,Maam instead of giving news please convey pur messages to the leaders to stop the war",772,2026-03-03T10:12:20Z,2026-03-03T10:12:20Z,none,2.0,163,116534,772
Rt1d6Xfxgqw,"Israel-Iran War: Iran Begins Counter Strike, Launches Missiles Towards Israel | GRAVITAS HIGHLIGHT",UC_gUM8rL-Lrg6O3adPW9K1g,WION,2026-03-03T10:04:43Z,UgzUpxcaAWyVejW9isF4AaABAg,,False,@Joeblow-k2n,UCLeSFQXvEBZTSdoB7jRlLng,,http://www.youtube.com/@Joeblow-k2n,The   Have to get resources  to these hidden factors in missile and drone facilities so eventually start running low  estimates 3 to 6:weeks,772,2026-03-03T10:09:32Z,2026-03-03T10:09:32Z,none,1.0,163,116534,772
Rt1d6Xfxgqw,"Israel-Iran War: Iran Begins Counter Strike, Launches Missiles Towards Israel | GRAVITAS HIGHLIGHT",UC_gUM8rL-Lrg6O3adPW9K1g,WION,2026-03-03T10:04:43Z,UgwLoTJqQgjoZL-jKBx4AaABAg,,False,@Richard-Ak,UCU_Dsz3kwiSrhhZewFy9TJw,,http://www.youtube.com/@Richard-Ak,Be safe stay strong god bless your family Alaska native respect life and will protect our leaders and protect our government and their beautiful families from any other threat join NATO forces not just for a better security of an army but for a better future for your kids for the last 250 years we have kept peace and fought against terrorists,772,2026-03-03T10:09:02Z,2026-03-03T10:09:31Z,none,2.0,163,116534,772
Rt1d6Xfxgqw,"Israel-Iran War: Iran Begins Counter Strike, Launches Missiles Towards Israel | GRAVITAS HIGHLIGHT",UC_gUM8rL-Lrg6O3adPW9K1g,WION,2026-03-03T10:04:43Z,UgxOMR4YJ1zGZAP5W8B4AaABAg,,False,@manishnewar7846,UCmlKBlPNtdMsT51DVRVncYg,,http://www.youtube.com/@manishnewar7846,End of Satanyahuu regime American Regime,772,2026-03-03T10:08:53Z,2026-03-03T10:08:53Z,none,0.0,163,116534,772
Rt1d6Xfxgqw,"Israel-Iran War: Iran Begins Counter Strike, Launches Missiles Towards Israel | GRAVITAS HIGHLIGHT",UC_gUM8rL-Lrg6O3adPW9K1g,WION,2026-03-03T10:04:43Z,UgwXAEFhsxCTzE_N5Qd4AaABAg,,False,@manishnewar7846,UCmlKBlPNtdMsT51DVRVncYg,,http://www.youtube.com/@manishnewar7846,God will severely punish Israel America for causing genocide and murdering of civilians,772,2026-03-03T10:08:19Z,2026-03-03T10:08:19Z,none,7.0,163,116534,772
Rt1d6Xfxgqw,"Israel-Iran War: Iran Begins Counter Strike, Launches Missiles Towards Israel | GRAVITAS HIGHLIGHT",UC_gUM8rL-Lrg6O3adPW9K1g,WION,2026-03-03T10:04:43Z,UgzNmECf9etMhWt0UmF4AaABAg,,False,@silverskin302,UCGJas3EL5XSN6xczyH_PHeA,,http://www.youtube.com/@silverskin302,Can someone help Iran? At least balance war,772,2026-03-03T10:07:57Z,2026-03-03T10:07:57Z,none,28.0,163,116534,772
Rt1d6Xfxgqw,"Israel-Iran War: Iran Begins Counter Strike, Launches Missiles Towards Israel | GRAVITAS HIGHLIGHT",UC_gUM8rL-Lrg6O3adPW9K1g,WION,2026-03-03T10:04:43Z,Ugz0MX2MiSaeNu7Ks2h4AaABAg.ATtSI2l5_n9ATtVPGyVvtt,Ugz0MX2MiSaeNu7Ks2h4AaABAg,True,@tonyg2002Aust,UCHljMFbTMMJs-7plni89GZg,,http://www.youtube.com/@tonyg2002Aust,YMCA dance is popular with Iranians at the moment.,772,2026-03-03T12:09:25Z,2026-03-03T12:09:25Z,none,,163,116534,772
Rt1d6Xfxgqw,"Israel-Iran War: Iran Begins Counter Strike, Launches Missiles Towards Israel | GRAVITAS HIGHLIGHT",UC_gUM8rL-Lrg6O3adPW9K1g,WION,2026-03-03T10:04:43Z,Ugz0MX2MiSaeNu7Ks2h4AaABAg.ATtSI2l5_n9ATtbDBCdzbJ,Ugz0MX2MiSaeNu7Ks2h4AaABAg,True,@JoJoe-o9s,UClH4gEZi-9sLbwUiOabQt1w,,http://www.youtube.com/@JoJoe-o9s,"​@tonyg2002Aust
YMCA DANCE WILL BE KANGAROO BIG ISLAND AND WILL BE ALWAYS WAS NOW TURN AROUND AND SHOW YOU TAIL",772,2026-03-03T13:08:56Z,2026-03-03T13:08:56Z,none,,163,116534,772
Rt1d6Xfxgqw,"Israel-Iran War: Iran Begins Counter Strike, Launches Missiles Towards Israel | GRAVITAS HIGHLIGHT",UC_gUM8rL-Lrg6O3adPW9K1g,WION,2026-03-03T10:04:43Z,Ugxa5nvm-H9tiq0A9nV4AaABAg.ATtOnVAsLceATtR9X4gP7f,Ugxa5nvm-H9tiq0A9nV4AaABAg,True,@chrisrebirth,UCoajZgNnGL7_GnJkf_cz-Pg,,http://www.youtube.com/@chrisrebirth,💯💯,772,2026-03-03T11:32:19Z,2026-03-03T11:32:19Z,none,,163,116534,772
Rt1d6Xfxgqw,"Israel-Iran War: Iran Begins Counter Strike, Launches Missiles Towards Israel | GRAVITAS HIGHLIGHT",UC_gUM8rL-Lrg6O3adPW9K1g,WION,2026-03-03T10:04:43Z,Ugxa5nvm-H9tiq0A9nV4AaABAg.ATtOnVAsLceATtRJruFWUQ,Ugxa5nvm-H9tiq0A9nV4AaABAg,True,@HappyHeartsWorld25,UCPKzwq7j0_mZjYZDPrUqmRQ,PK,http://www.youtube.com/@HappyHeartsWorld25,They also have a great hatred against US and Israel and their allies,772,2026-03-03T11:33:43Z,2026-03-03T11:33:43Z,none,,163,116534,772
Rt1d6Xfxgqw,"Israel-Iran War: Iran Begins Counter Strike, Launches Missiles Towards Israel | GRAVITAS HIGHLIGHT",UC_gUM8rL-Lrg6O3adPW9K1g,WION,2026-03-03T10:04:43Z,Ugxa5nvm-H9tiq0A9nV4AaABAg.ATtOnVAsLceATtScNTZ3oq,Ugxa5nvm-H9tiq0A9nV4AaABAg,True,@donstevin7937,UCxJ-5D8veTD6po2fVI8EkAw,,http://www.youtube.com/@donstevin7937,What do you mean they can’t intervene to US war directly they can only offer support,772,2026-03-03T11:45:08Z,2026-03-03T11:45:08Z,none,,163,116534,772
Rt1d6Xfxgqw,"Israel-Iran War: Iran Begins Counter Strike, Launches Missiles Towards Israel | GRAVITAS HIGHLIGHT",UC_gUM8rL-Lrg6O3adPW9K1g,WION,2026-03-03T10:04:43Z,Ugxa5nvm-H9tiq0A9nV4AaABAg.ATtOnVAsLceATtWna53g82,Ugxa5nvm-H9tiq0A9nV4AaABAg,True,@jk5335,UCeC5MOikn9a6Md0bV-twqkg,,http://www.youtube.com/@jk5335,"It will happen if it turns into a world war. Rus and china spent weeks flying in military cargo and training iran troops on equipment,  they helped kill starlink in that m0ss4d protest op, China has a big surveillance and electronic warfare ship docked their and helping Iran.  These are not two isolated wars, the whole N4to, zio project is in final phase, and Rus + Iran are engaged against same enemy. It's common knowledge they wanted was to topple RUS and then move to Iran, then to China. It hasnt worked out that way, if RUS was now defeated, I can assure N4to would be involved against Iran.",772,2026-03-03T12:21:36Z,2026-03-03T12:21:36Z,none,,163,116534,772
Rt1d6Xfxgqw,"Israel-Iran War: Iran Begins Counter Strike, Launches Missiles Towards Israel | GRAVITAS HIGHLIGHT",UC_gUM8rL-Lrg6O3adPW9K1g,WION,2026-03-03T10:04:43Z,Ugw3VGHCSesxfPpS2Ih4AaABAg.ATtOWTAabzKATtSR0nl98p,Ugw3VGHCSesxfPpS2Ih4AaABAg,True,@BAYBAY_316,UCRg7TNsY2KSkPWKwASm6HMg,,http://www.youtube.com/@BAYBAY_316,That's when you knew?,772,2026-03-03T11:43:26Z,2026-03-03T11:43:26Z,none,,163,116534,772
Rt1d6Xfxgqw,"Israel-Iran War: Iran Begins Counter Strike, Launches Missiles Towards Israel | GRAVITAS HIGHLIGHT",UC_gUM8rL-Lrg6O3adPW9K1g,WION,2026-03-03T10:04:43Z,Ugw3VGHCSesxfPpS2Ih4AaABAg.ATtOWTAabzKATtUsbhuIEf,Ugw3VGHCSesxfPpS2Ih4AaABAg,True,@deppp7-j6t,UC6GtaKhegBBHoqxTsI8A7Hg,,http://www.youtube.com/@deppp7-j6t,"When Modi visited Isn't real and made that st""p""d speech, then I know the world is effed up",772,2026-03-03T12:04:49Z,2026-03-03T12:04:49Z,none,,163,116534,772
Rt1d6Xfxgqw,"Israel-Iran War: Iran Begins Counter Strike, Launches Missiles Towards Israel | GRAVITAS HIGHLIGHT",UC_gUM8rL-Lrg6O3adPW9K1g,WION,2026-03-03T10:04:43Z,Ugw3VGHCSesxfPpS2Ih4AaABAg.ATtOWTAabzKATtXw21cUU3,Ugw3VGHCSesxfPpS2Ih4AaABAg,True,@aviationmachines4711,UCzGY6LwIPXAc9NUptHVIF-Q,,http://www.youtube.com/@aviationmachines4711,Keep crying ​@deppp7-j6t,772,2026-03-03T12:31:30Z,2026-03-03T12:31:30Z,none,,163,116534,772
Rt1d6Xfxgqw,"Israel-Iran War: Iran Begins Counter Strike, Launches Missiles Towards Israel | GRAVITAS HIGHLIGHT",UC_gUM8rL-Lrg6O3adPW9K1g,WION,2026-03-03T10:04:43Z,UgwxkLByKyC9FNExD814AaABAg.ATtNUYrk1cQATtP4-ycunb,UgwxkLByKyC9FNExD814AaABAg,True,@RossAllen-t2s1r,UCBflGaAZrKLLdPX72vwf1UQ,,http://www.youtube.com/@RossAllen-t2s1r,They have to leave sometime,772,2026-03-03T11:14:05Z,2026-03-03T11:14:05Z,none,,163,116534,772
Rt1d6Xfxgqw,"Israel-Iran War: Iran Begins Counter Strike, Launches Missiles Towards Israel | GRAVITAS HIGHLIGHT",UC_gUM8rL-Lrg6O3adPW9K1g,WION,2026-03-03T10:04:43Z,UgwxkLByKyC9FNExD814AaABAg.ATtNUYrk1cQATti7ab-oSm,UgwxkLByKyC9FNExD814AaABAg,True,@JimB-i4d,UCPFV0un2nETpjPWtIjawIoA,,http://www.youtube.com/@JimB-i4d,"That looked like a riot, as the reporter said they breached the outer wall and attempted to enter the embassy. If they had entered an Indian Embassy the Indian security forces would have defended themselves as well. The Americans are avoiding a new Benghazi",772,2026-03-03T14:09:20Z,2026-03-03T14:09:20Z,none,,163,116534,772
Rt1d6Xfxgqw,"Israel-Iran War: Iran Begins Counter Strike, Launches Missiles Towards Israel | GRAVITAS HIGHLIGHT",UC_gUM8rL-Lrg6O3adPW9K1g,WION,2026-03-03T10:04:43Z,UgyM-gA3GUn5I_taghx4AaABAg.ATtN3qK9bnVATtV2lITWNp,UgyM-gA3GUn5I_taghx4AaABAg,True,@tonyg2002Aust,UCHljMFbTMMJs-7plni89GZg,,http://www.youtube.com/@tonyg2002Aust,"Iran is too busy attacking muslim countries -Qatar, Bahrein, Kuwait, Iraq, Oman, Jordan, Saudi Arabia have all been targeted and hit by the IRGC.",772,2026-03-03T12:06:20Z,2026-03-03T12:06:20Z,none,,163,116534,772
Rt1d6Xfxgqw,"Israel-Iran War: Iran Begins Counter Strike, Launches Missiles Towards Israel | GRAVITAS HIGHLIGHT",UC_gUM8rL-Lrg6O3adPW9K1g,WION,2026-03-03T10:04:43Z,UgywJJI4nKwUrM70AZJ4AaABAg.ATtMiWxhcJWATtPKTP0ba5,UgywJJI4nKwUrM70AZJ4AaABAg,True,@RossAllen-t2s1r,UCBflGaAZrKLLdPX72vwf1UQ,,http://www.youtube.com/@RossAllen-t2s1r,England is a lion,772,2026-03-03T11:16:20Z,2026-03-03T11:16:20Z,none,,163,116534,772
Rt1d6Xfxgqw,"Israel-Iran War: Iran Begins Counter Strike, Launches Missiles Towards Israel | GRAVITAS HIGHLIGHT",UC_gUM8rL-Lrg6O3adPW9K1g,WION,2026-03-03T10:04:43Z,UgzC2JbsEpwKsjJQD6J4AaABAg.ATtM_5GqKp8ATtSip8Fb0S,UgzC2JbsEpwKsjJQD6J4AaABAg,True,@BAYBAY_316,UCRg7TNsY2KSkPWKwASm6HMg,,http://www.youtube.com/@BAYBAY_316,You have to remember many either truly believe that it's impossible for America to do wrong or they want to convince you that America does no wrong.,772,2026-03-03T11:46:00Z,2026-03-03T11:46:00Z,none,,163,116534,772
Rt1d6Xfxgqw,"Israel-Iran War: Iran Begins Counter Strike, Launches Missiles Towards Israel | GRAVITAS HIGHLIGHT",UC_gUM8rL-Lrg6O3adPW9K1g,WION,2026-03-03T10:04:43Z,UgzC2JbsEpwKsjJQD6J4AaABAg.ATtM_5GqKp8ATtTXURLq5C,UgzC2JbsEpwKsjJQD6J4AaABAg,True,@ciphandle,UCgJYXqh_ntZtXp4PV25pGsw,,http://www.youtube.com/@ciphandle,The british guy is totally deluded and does not speak for the people of Scotland!,772,2026-03-03T11:53:04Z,2026-03-03T11:53:04Z,none,,163,116534,772
Rt1d6Xfxgqw,"Israel-Iran War: Iran Begins Counter Strike, Launches Missiles Towards Israel | GRAVITAS HIGHLIGHT",UC_gUM8rL-Lrg6O3adPW9K1g,WION,2026-03-03T10:04:43Z,UgzC2JbsEpwKsjJQD6J4AaABAg.ATtM_5GqKp8ATtWJM3gSIo,UgzC2JbsEpwKsjJQD6J4AaABAg,True,@timelsom8775,UCo8MzZejj6Bq90WNh9ZqQNg,,http://www.youtube.com/@timelsom8775,008 Starmer at his finest.,772,2026-03-03T12:17:21Z,2026-03-03T12:17:21Z,none,,163,116534,772
Rt1d6Xfxgqw,"Israel-Iran War: Iran Begins Counter Strike, Launches Missiles Towards Israel | GRAVITAS HIGHLIGHT",UC_gUM8rL-Lrg6O3adPW9K1g,WION,2026-03-03T10:04:43Z,UgzC2JbsEpwKsjJQD6J4AaABAg.ATtM_5GqKp8ATtXKH3OZxj,UgzC2JbsEpwKsjJQD6J4AaABAg,True,@sheffieldgeek,UCK6sR9jNPJMZeFipGzq-CBg,,http://www.youtube.com/@sheffieldgeek,he had to say it. did you not see his face when giving that speech? he was like being held at gun point as a hostage and forced to read a script. LOL,772,2026-03-03T12:26:12Z,2026-03-03T12:26:12Z,none,,163,116534,772
Rt1d6Xfxgqw,"Israel-Iran War: Iran Begins Counter Strike, Launches Missiles Towards Israel | GRAVITAS HIGHLIGHT",UC_gUM8rL-Lrg6O3adPW9K1g,WION,2026-03-03T10:04:43Z,UgzC2JbsEpwKsjJQD6J4AaABAg.ATtM_5GqKp8ATtXSzWTt-s,UgzC2JbsEpwKsjJQD6J4AaABAg,True,@josiecarroll6,UC_MVujp8XBBHd7ENzHAOzIA,,http://www.youtube.com/@josiecarroll6,Double speak 1984 tactic. Verbal diarrhoea is a chronic condition in zioland,772,2026-03-03T12:27:24Z,2026-03-03T12:27:24Z,none,,163,116534,772
Rt1d6Xfxgqw,"Israel-Iran War: Iran Begins Counter Strike, Launches Missiles Towards Israel | GRAVITAS HIGHLIGHT",UC_gUM8rL-Lrg6O3adPW9K1g,WION,2026-03-03T10:04:43Z,UgzC2JbsEpwKsjJQD6J4AaABAg.ATtM_5GqKp8ATu_WyEPJ71,UgzC2JbsEpwKsjJQD6J4AaABAg,True,@felipec,UC0DB1rCCSiu_PQ_QbDpcw8w,MX,http://www.youtube.com/@felipec,Defensive political assassination.,772,2026-03-03T22:13:24Z,2026-03-03T22:13:24Z,none,,163,116534,772
Rt1d6Xfxgqw,"Israel-Iran War: Iran Begins Counter Strike, Launches Missiles Towards Israel | GRAVITAS HIGHLIGHT",UC_gUM8rL-Lrg6O3adPW9K1g,WION,2026-03-03T10:04:43Z,UgwhX51CfxLa5KPKXEJ4AaABAg.ATtLrm6ww6gATtMT9Iz4iq,UgwhX51CfxLa5KPKXEJ4AaABAg,True,@nasirmohammad7189,UCf5biTrn_Uc81nDWzS51j5g,,http://www.youtube.com/@nasirmohammad7189,Both are poor Power,772,2026-03-03T10:51:18Z,2026-03-03T10:51:18Z,none,,163,116534,772
Rt1d6Xfxgqw,"Israel-Iran War: Iran Begins Counter Strike, Launches Missiles Towards Israel | GRAVITAS HIGHLIGHT",UC_gUM8rL-Lrg6O3adPW9K1g,WION,2026-03-03T10:04:43Z,UgwhX51CfxLa5KPKXEJ4AaABAg.ATtLrm6ww6gATtV9WggOYV,UgwhX51CfxLa5KPKXEJ4AaABAg,True,@tonyg2002Aust,UCHljMFbTMMJs-7plni89GZg,,http://www.youtube.com/@tonyg2002Aust,@nasirmohammad7189 typing correction = pure power.,772,2026-03-03T12:07:16Z,2026-03-03T12:07:16Z,none,,163,116534,772
Rt1d6Xfxgqw,"Israel-Iran War: Iran Begins Counter Strike, Launches Missiles Towards Israel | GRAVITAS HIGHLIGHT",UC_gUM8rL-Lrg6O3adPW9K1g,WION,2026-03-03T10:04:43Z,UgxnWdYrREeA7A9jZFZ4AaABAg.ATtJr-807EiATtKvD70wLj,UgxnWdYrREeA7A9jZFZ4AaABAg,True,@plusultra7258,UCwjI5PW8-qxJCv7ydFDQtvg,,http://www.youtube.com/@plusultra7258,More like Trump killed Pakistanis even more. Looks like Pakistanis will lick boots of US just for dollars,772,2026-03-03T10:37:47Z,2026-03-03T10:37:47Z,none,,163,116534,772
Rt1d6Xfxgqw,"Israel-Iran War: Iran Begins Counter Strike, Launches Missiles Towards Israel | GRAVITAS HIGHLIGHT",UC_gUM8rL-Lrg6O3adPW9K1g,WION,2026-03-03T10:04:43Z,UgxnWdYrREeA7A9jZFZ4AaABAg.ATtJr-807EiATtV2jlDyFe,UgxnWdYrREeA7A9jZFZ4AaABAg,True,@hemanthnamburi9925,UCXg90igi6RUgS0mPChzq67A,,http://www.youtube.com/@hemanthnamburi9925,Which port?,772,2026-03-03T12:06:20Z,2026-03-03T12:06:20Z,none,,163,116534,772
Rt1d6Xfxgqw,"Israel-Iran War: Iran Begins Counter Strike, Launches Missiles Towards Israel | GRAVITAS HIGHLIGHT",UC_gUM8rL-Lrg6O3adPW9K1g,WION,2026-03-03T10:04:43Z,UgyGK4nkEZ2ms-GnNM54AaABAg.ATtJCJd2-IsATtOfNrH_Xd,UgyGK4nkEZ2ms-GnNM54AaABAg,True,@DanielNdlovu-nu6op,UCxInj9bb5jyBRVXD1bMaQCA,,http://www.youtube.com/@DanielNdlovu-nu6op,Say that again,772,2026-03-03T11:10:35Z,2026-03-03T11:10:35Z,none,,163,116534,772
Rt1d6Xfxgqw,"Israel-Iran War: Iran Begins Counter Strike, Launches Missiles Towards Israel | GRAVITAS HIGHLIGHT",UC_gUM8rL-Lrg6O3adPW9K1g,WION,2026-03-03T10:04:43Z,Ugwu4YLBOed1E5wVB9R4AaABAg.ATtIT6i6ToHATtIz9Y7inh,Ugwu4YLBOed1E5wVB9R4AaABAg,True,@IansanaMarah,UCmHG8f2AIcaLEtA3I35eU9g,,http://www.youtube.com/@IansanaMarah,Do what? You Hugh to know better,772,2026-03-03T10:20:51Z,2026-03-03T10:20:51Z,none,,163,116534,772
Rt1d6Xfxgqw,"Israel-Iran War: Iran Begins Counter Strike, Launches Missiles Towards Israel | GRAVITAS HIGHLIGHT",UC_gUM8rL-Lrg6O3adPW9K1g,WION,2026-03-03T10:04:43Z,Ugwu4YLBOed1E5wVB9R4AaABAg.ATtIT6i6ToHATtOeDDHlDQ,Ugwu4YLBOed1E5wVB9R4AaABAg,True,@DanielNdlovu-nu6op,UCxInj9bb5jyBRVXD1bMaQCA,,http://www.youtube.com/@DanielNdlovu-nu6op,Well done?? I didn't know that demons can also post a comment from hell😢,772,2026-03-03T11:10:25Z,2026-03-03T11:10:25Z,none,,163,116534,772
Rt1d6Xfxgqw,"Israel-Iran War: Iran Begins Counter Strike, Launches Missiles Towards Israel | GRAVITAS HIGHLIGHT",UC_gUM8rL-Lrg6O3adPW9K1g,WION,2026-03-03T10:04:43Z,Ugwu4YLBOed1E5wVB9R4AaABAg.ATtIT6i6ToHATtP79UcMGv,Ugwu4YLBOed1E5wVB9R4AaABAg,True,@mjpredator46,UCOGFs3ytkg9zjjlwgaENf8w,,http://www.youtube.com/@mjpredator46,Us and is world 💩💩 cl,772,2026-03-03T11:14:31Z,2026-03-03T11:14:31Z,none,,163,116534,772
Rt1d6Xfxgqw,"Israel-Iran War: Iran Begins Counter Strike, Launches Missiles Towards Israel | GRAVITAS HIGHLIGHT",UC_gUM8rL-Lrg6O3adPW9K1g,WION,2026-03-03T10:04:43Z,Ugx26VdOhvYQse3PC0F4AaABAg.ATtI-hhILZbATtNTKvMuum,Ugx26VdOhvYQse3PC0F4AaABAg,True,@peterzinia3767,UCODRTA4B-pozBf77hm6lECQ,,http://www.youtube.com/@peterzinia3767,This is their bread & butter.,772,2026-03-03T11:00:04Z,2026-03-03T11:00:04Z,none,,163,116534,772
Rt1d6Xfxgqw,"Israel-Iran War: Iran Begins Counter Strike, Launches Missiles Towards Israel | GRAVITAS HIGHLIGHT",UC_gUM8rL-Lrg6O3adPW9K1g,WION,2026-03-03T10:04:43Z,Ugx26VdOhvYQse3PC0F4AaABAg.ATtI-hhILZbATtUuiFnSWD,Ugx26VdOhvYQse3PC0F4AaABAg,True,@hemanthnamburi9925,UCXg90igi6RUgS0mPChzq67A,,http://www.youtube.com/@hemanthnamburi9925,"They are news readers m they will just share the news , why the hell they need to share their own thoughts , that is shit type of journalism u guys r enjoying , News should be neutral not biased , u need to decide what to make from news , if u have brains",772,2026-03-03T12:05:06Z,2026-03-03T12:05:06Z,none,,163,116534,772
Rt1d6Xfxgqw,"Israel-Iran War: Iran Begins Counter Strike, Launches Missiles Towards Israel | GRAVITAS HIGHLIGHT",UC_gUM8rL-Lrg6O3adPW9K1g,WION,2026-03-03T10:04:43Z,UgzUpxcaAWyVejW9isF4AaABAg.ATtHgEiXx7RATtPBQI4_oY,UgzUpxcaAWyVejW9isF4AaABAg,True,@RossAllen-t2s1r,UCBflGaAZrKLLdPX72vwf1UQ,,http://www.youtube.com/@RossAllen-t2s1r,Stock piled in deep underground bases.,772,2026-03-03T11:15:06Z,2026-03-03T11:15:06Z,none,,163,116534,772
Rt1d6Xfxgqw,"Israel-Iran War: Iran Begins Counter Strike, Launches Missiles Towards Israel | GRAVITAS HIGHLIGHT",UC_gUM8rL-Lrg6O3adPW9K1g,WION,2026-03-03T10:04:43Z,UgwLoTJqQgjoZL-jKBx4AaABAg.ATtHcdFQCakATtHorOpeQH,UgwLoTJqQgjoZL-jKBx4AaABAg,True,@SandileNtombela,UCnkVaRWNwK_ksN7vf9OJZzA,,http://www.youtube.com/@SandileNtombela,Lol seems that protection is working given the number of casualties that increasing by the day.,772,2026-03-03T10:10:43Z,2026-03-03T10:10:43Z,none,,163,116534,772
Rt1d6Xfxgqw,"Israel-Iran War: Iran Begins Counter Strike, Launches Missiles Towards Israel | GRAVITAS HIGHLIGHT",UC_gUM8rL-Lrg6O3adPW9K1g,WION,2026-03-03T10:04:43Z,UgwLoTJqQgjoZL-jKBx4AaABAg.ATtHcdFQCakATtNoAgh2qf,UgwLoTJqQgjoZL-jKBx4AaABAg,True,@Richard-Ak,UCU_Dsz3kwiSrhhZewFy9TJw,,http://www.youtube.com/@Richard-Ak,​@SandileNtombelait's not that best thing to say i know i love our country and freedom and will fight for your freedom too in sorry for the confusion be safe stay strong god bless,772,2026-03-03T11:03:03Z,2026-03-03T11:03:03Z,none,,163,116534,772
Rt1d6Xfxgqw,"Israel-Iran War: Iran Begins Counter Strike, Launches Missiles Towards Israel | GRAVITAS HIGHLIGHT",UC_gUM8rL-Lrg6O3adPW9K1g,WION,2026-03-03T10:04:43Z,UgwXAEFhsxCTzE_N5Qd4AaABAg.ATtHYKSsDSPATtKfu6SEX8,UgwXAEFhsxCTzE_N5Qd4AaABAg,True,@plusultra7258,UCwjI5PW8-qxJCv7ydFDQtvg,,http://www.youtube.com/@plusultra7258,All Islamic terrorists were doing this for decades,772,2026-03-03T10:35:42Z,2026-03-03T10:35:42Z,none,,163,116534,772
Rt1d6Xfxgqw,"Israel-Iran War: Iran Begins Counter Strike, Launches Missiles Towards Israel | GRAVITAS HIGHLIGHT",UC_gUM8rL-Lrg6O3adPW9K1g,WION,2026-03-03T10:04:43Z,UgwXAEFhsxCTzE_N5Qd4AaABAg.ATtHYKSsDSPATtKhuEeLq-,UgwXAEFhsxCTzE_N5Qd4AaABAg,True,@dreammachine1473,UCZWi6eWn1YuMzI-oH3U_Qig,,http://www.youtube.com/@dreammachine1473,Idiot,772,2026-03-03T10:35:58Z,2026-03-03T10:35:58Z,none,,163,116534,772
Rt1d6Xfxgqw,"Israel-Iran War: Iran Begins Counter Strike, Launches Missiles Towards Israel | GRAVITAS HIGHLIGHT",UC_gUM8rL-Lrg6O3adPW9K1g,WION,2026-03-03T10:04:43Z,UgwXAEFhsxCTzE_N5Qd4AaABAg.ATtHYKSsDSPATtLHUdxM6u,UgwXAEFhsxCTzE_N5Qd4AaABAg,True,@kyalokamina6497,UCf3HYMDEYhwA3vaWYYkvtfw,,http://www.youtube.com/@kyalokamina6497,which god??,772,2026-03-03T10:40:58Z,2026-03-03T10:40:58Z,none,,163,116534,772
Rt1d6Xfxgqw,"Israel-Iran War: Iran Begins Counter Strike, Launches Missiles Towards Israel | GRAVITAS HIGHLIGHT",UC_gUM8rL-Lrg6O3adPW9K1g,WION,2026-03-03T10:04:43Z,UgwXAEFhsxCTzE_N5Qd4AaABAg.ATtHYKSsDSPATtLld9UdV4,UgwXAEFhsxCTzE_N5Qd4AaABAg,True,@adyashadas202,UCOl95zS0GvJCwGSTx89YE2A,,http://www.youtube.com/@adyashadas202,And what about ali khomeini killed many people who just want freedom? God has already punished him on 1st day itself 😅,772,2026-03-03T10:45:13Z,2026-03-03T10:45:13Z,none,,163,116534,772
Rt1d6Xfxgqw,"Israel-Iran War: Iran Begins Counter Strike, Launches Missiles Towards Israel | GRAVITAS HIGHLIGHT",UC_gUM8rL-Lrg6O3adPW9K1g,WION,2026-03-03T10:04:43Z,UgwXAEFhsxCTzE_N5Qd4AaABAg.ATtHYKSsDSPATtNLAZZB7U,UgwXAEFhsxCTzE_N5Qd4AaABAg,True,@JohnDoe-pk2hs,UCixcVM0cySCNuidoH3tOKyQ,,http://www.youtube.com/@JohnDoe-pk2hs,"I didn't realize your ""God"" said sit on your lazy ass & ask for him to do eveything for you.",772,2026-03-03T10:58:57Z,2026-03-03T10:58:57Z,none,,163,116534,772
Rt1d6Xfxgqw,"Israel-Iran War: Iran Begins Counter Strike, Launches Missiles Towards Israel | GRAVITAS HIGHLIGHT",UC_gUM8rL-Lrg6O3adPW9K1g,WION,2026-03-03T10:04:43Z,UgwXAEFhsxCTzE_N5Qd4AaABAg.ATtHYKSsDSPATtOSvlpIjQ,UgwXAEFhsxCTzE_N5Qd4AaABAg,True,@Globalguy11,UCx8GPdcD6zw3FG0smCGjltA,,http://www.youtube.com/@Globalguy11,"​@adyashadas202what about the Pm of Israel wo has committed genocide in Palestine? More than 30,000 children were killed.... N then there are adults too.
 Just children alone counted to 30k.
I guess you will support that action too. The whole civilan world is supporting Iran.... 
No wonder why there is a arrest warrant regarding the israel PM by ICC....n has been banned by so many countries.",772,2026-03-03T11:08:45Z,2026-03-03T11:08:45Z,none,,163,116534,772
Rt1d6Xfxgqw,"Israel-Iran War: Iran Begins Counter Strike, Launches Missiles Towards Israel | GRAVITAS HIGHLIGHT",UC_gUM8rL-Lrg6O3adPW9K1g,WION,2026-03-03T10:04:43Z,UgwXAEFhsxCTzE_N5Qd4AaABAg.ATtHYKSsDSPATtUNAOfdAF,UgwXAEFhsxCTzE_N5Qd4AaABAg,True,@ciphandle,UCgJYXqh_ntZtXp4PV25pGsw,,http://www.youtube.com/@ciphandle,@kyalokamina6497  There is only one God - and He is everyone´s God!,772,2026-03-03T12:00:23Z,2026-03-03T12:00:23Z,none,,163,116534,772
Rt1d6Xfxgqw,"Israel-Iran War: Iran Begins Counter Strike, Launches Missiles Towards Israel | GRAVITAS HIGHLIGHT",UC_gUM8rL-Lrg6O3adPW9K1g,WION,2026-03-03T10:04:43Z,UgzNmECf9etMhWt0UmF4AaABAg.ATtHVcrWARFATtHam7OfGi,UgzNmECf9etMhWt0UmF4AaABAg,True,@davidluke777,UC9e99nv6iBcalU4Tvkg3-lw,,http://www.youtube.com/@davidluke777,Why,772,2026-03-03T10:08:47Z,2026-03-03T10:08:47Z,none,,163,116534,772
Rt1d6Xfxgqw,"Israel-Iran War: Iran Begins Counter Strike, Launches Missiles Towards Israel | GRAVITAS HIGHLIGHT",UC_gUM8rL-Lrg6O3adPW9K1g,WION,2026-03-03T10:04:43Z,UgzNmECf9etMhWt0UmF4AaABAg.ATtHVcrWARFATtHhMFIsQJ,UgzNmECf9etMhWt0UmF4AaABAg,True,@moseskavalo3304,UCV1Z4kuxHTQjcD9dQOLGdeQ,,http://www.youtube.com/@moseskavalo3304,I think Russia is helping Iran with military strategy.,772,2026-03-03T10:09:41Z,2026-03-03T10:09:41Z,none,,163,116534,772
Rt1d6Xfxgqw,"Israel-Iran War: Iran Begins Counter Strike, Launches Missiles Towards Israel | GRAVITAS HIGHLIGHT",UC_gUM8rL-Lrg6O3adPW9K1g,WION,2026-03-03T10:04:43Z,UgzNmECf9etMhWt0UmF4AaABAg.ATtHVcrWARFATtIBpMGbMq,UgzNmECf9etMhWt0UmF4AaABAg,True,@Ridethebomb777,UC6EX50ANRnzJafEM6hHbn5Q,,http://www.youtube.com/@Ridethebomb777,@davidluke777 I bet you cheerlead for Ukraine too !,772,2026-03-03T10:13:59Z,2026-03-03T10:13:59Z,none,,163,116534,772
Rt1d6Xfxgqw,"Israel-Iran War: Iran Begins Counter Strike, Launches Missiles Towards Israel | GRAVITAS HIGHLIGHT",UC_gUM8rL-Lrg6O3adPW9K1g,WION,2026-03-03T10:04:43Z,UgzNmECf9etMhWt0UmF4AaABAg.ATtHVcrWARFATtI_3hNAEo,UgzNmECf9etMhWt0UmF4AaABAg,True,@VisSaklegend,UCtRCSOvxW7pLpYIF09-lgrQ,IN,http://www.youtube.com/@VisSaklegend,Pakistan should help. They have nuke.,772,2026-03-03T10:17:17Z,2026-03-03T10:17:17Z,none,,163,116534,772
Rt1d6Xfxgqw,"Israel-Iran War: Iran Begins Counter Strike, Launches Missiles Towards Israel | GRAVITAS HIGHLIGHT",UC_gUM8rL-Lrg6O3adPW9K1g,WION,2026-03-03T10:04:43Z,UgzNmECf9etMhWt0UmF4AaABAg.ATtHVcrWARFATtJ2IdWazC,UgzNmECf9etMhWt0UmF4AaABAg,True,@whynottalklikeapirat,UCAdOXoWmgpDqKbjlgUtgaHg,,http://www.youtube.com/@whynottalklikeapirat,@Ridethebomb777 As any reasonable person with respect for sovereign integrity and rule of law and who is not supporting war criminals and illegal imperialist conquest SHOULD do ...,772,2026-03-03T10:21:25Z,2026-03-03T10:21:25Z,none,,163,116534,772
Rt1d6Xfxgqw,"Israel-Iran War: Iran Begins Counter Strike, Launches Missiles Towards Israel | GRAVITAS HIGHLIGHT",UC_gUM8rL-Lrg6O3adPW9K1g,WION,2026-03-03T10:04:43Z,UgzNmECf9etMhWt0UmF4AaABAg.ATtHVcrWARFATtJGXEYZCW,UgzNmECf9etMhWt0UmF4AaABAg,True,@IndiaMaxxing,UCjFDJ2tzgZIVZHlnH1FYZvQ,,http://www.youtube.com/@IndiaMaxxing,India is on Israeli side,772,2026-03-03T10:23:22Z,2026-03-03T10:23:22Z,none,,163,116534,772
Rt1d6Xfxgqw,"Israel-Iran War: Iran Begins Counter Strike, Launches Missiles Towards Israel | GRAVITAS HIGHLIGHT",UC_gUM8rL-Lrg6O3adPW9K1g,WION,2026-03-03T10:04:43Z,UgzNmECf9etMhWt0UmF4AaABAg.ATtHVcrWARFATtJjRBoa36,UgzNmECf9etMhWt0UmF4AaABAg,True,@davidluke777,UC9e99nv6iBcalU4Tvkg3-lw,,http://www.youtube.com/@davidluke777,​​@Ridethebomb777actualy i support Russia. I bet all your bets have made you broke.,772,2026-03-03T10:27:27Z,2026-03-03T10:29:16Z,none,,163,116534,772
Rt1d6Xfxgqw,"Israel-Iran War: Iran Begins Counter Strike, Launches Missiles Towards Israel | GRAVITAS HIGHLIGHT",UC_gUM8rL-Lrg6O3adPW9K1g,WION,2026-03-03T10:04:43Z,UgzNmECf9etMhWt0UmF4AaABAg.ATtHVcrWARFATtJyq4ydeS,UgzNmECf9etMhWt0UmF4AaABAg,True,@bansadok,UCjR3ji2U0sBnK-5ojg7ibUw,,http://www.youtube.com/@bansadok,"WION used to be such a decent balanced channel, then it suddenly became an Israeli Zio propraganda channel. What a pity!!",772,2026-03-03T10:29:33Z,2026-03-03T10:29:33Z,none,,163,116534,772
Rt1d6Xfxgqw,"Israel-Iran War: Iran Begins Counter Strike, Launches Missiles Towards Israel | GRAVITAS HIGHLIGHT",UC_gUM8rL-Lrg6O3adPW9K1g,WION,2026-03-03T10:04:43Z,UgzNmECf9etMhWt0UmF4AaABAg.ATtHVcrWARFATtK9tFPN-p,UgzNmECf9etMhWt0UmF4AaABAg,True,@mjbera,UCnBP8695-P4o0CgSTFdNmNw,,http://www.youtube.com/@mjbera,Why...???,772,2026-03-03T10:31:12Z,2026-03-03T10:31:12Z,none,,163,116534,772
Rt1d6Xfxgqw,"Israel-Iran War: Iran Begins Counter Strike, Launches Missiles Towards Israel | GRAVITAS HIGHLIGHT",UC_gUM8rL-Lrg6O3adPW9K1g,WION,2026-03-03T10:04:43Z,UgzNmECf9etMhWt0UmF4AaABAg.ATtHVcrWARFATtKABX57f7,UgzNmECf9etMhWt0UmF4AaABAg,True,@Abimenu-dq7rg,UCJDYgr_2rtk0h6gC-D8Ml9w,,http://www.youtube.com/@Abimenu-dq7rg,I found a snake in bric  nation is indian modi,772,2026-03-03T10:31:14Z,2026-03-03T10:31:14Z,none,,163,116534,772
Rt1d6Xfxgqw,"Israel-Iran War: Iran Begins Counter Strike, Launches Missiles Towards Israel | GRAVITAS HIGHLIGHT",UC_gUM8rL-Lrg6O3adPW9K1g,WION,2026-03-03T10:04:43Z,UgzNmECf9etMhWt0UmF4AaABAg.ATtHVcrWARFATtKO0T1nPl,UgzNmECf9etMhWt0UmF4AaABAg,True,@mjbera,UCnBP8695-P4o0CgSTFdNmNw,,http://www.youtube.com/@mjbera,​@moseskavalo3304😂😂😂,772,2026-03-03T10:33:07Z,2026-03-03T10:33:07Z,none,,163,116534,772
Rt1d6Xfxgqw,"Israel-Iran War: Iran Begins Counter Strike, Launches Missiles Towards Israel | GRAVITAS HIGHLIGHT",UC_gUM8rL-Lrg6O3adPW9K1g,WION,2026-03-03T10:04:43Z,UgzNmECf9etMhWt0UmF4AaABAg.ATtHVcrWARFATtKvp1AWJ0,UgzNmECf9etMhWt0UmF4AaABAg,True,@Christine-rk1dp,UCn_mNFfq66I0kzgcxLacftQ,,http://www.youtube.com/@Christine-rk1dp,"Russia and China are already providing indirect support (equipment, intelligence and cyberwarfare). If they provided direct support, it would likely escalate the conflict and be much worse for Iranians.",772,2026-03-03T10:37:52Z,2026-03-03T10:37:52Z,none,,163,116534,772
Rt1d6Xfxgqw,"Israel-Iran War: Iran Begins Counter Strike, Launches Missiles Towards Israel | GRAVITAS HIGHLIGHT",UC_gUM8rL-Lrg6O3adPW9K1g,WION,2026-03-03T10:04:43Z,UgzNmECf9etMhWt0UmF4AaABAg.ATtHVcrWARFATtR3e0niKq,UgzNmECf9etMhWt0UmF4AaABAg,True,@Ridethebomb777,UC6EX50ANRnzJafEM6hHbn5Q,,http://www.youtube.com/@Ridethebomb777,@whynottalklikeapirat Rule of law you say ..... what rule of law was covering Ukraines ethnic cleansing the Russians who live in the Donbass region ... huh ?? Take your rule of law and blow it out your ass bud. They were warned ... they were offered 2 peace deals .... now they are being snuffed back into the stone age.,772,2026-03-03T11:31:31Z,2026-03-03T11:31:55Z,none,,163,116534,772
Rt1d6Xfxgqw,"Israel-Iran War: Iran Begins Counter Strike, Launches Missiles Towards Israel | GRAVITAS HIGHLIGHT",UC_gUM8rL-Lrg6O3adPW9K1g,WION,2026-03-03T10:04:43Z,UgzNmECf9etMhWt0UmF4AaABAg.ATtHVcrWARFATtRFpXV9b5,UgzNmECf9etMhWt0UmF4AaABAg,True,@Ridethebomb777,UC6EX50ANRnzJafEM6hHbn5Q,,http://www.youtube.com/@Ridethebomb777,@davidluke777 Only a stupid person bets ..... you know that dont you ?,772,2026-03-03T11:33:10Z,2026-03-03T11:33:10Z,none,,163,116534,772
Rt1d6Xfxgqw,"Israel-Iran War: Iran Begins Counter Strike, Launches Missiles Towards Israel | GRAVITAS HIGHLIGHT",UC_gUM8rL-Lrg6O3adPW9K1g,WION,2026-03-03T10:04:43Z,UgzNmECf9etMhWt0UmF4AaABAg.ATtHVcrWARFATtT7lR-x7a,UgzNmECf9etMhWt0UmF4AaABAg,True,@BAYBAY_316,UCRg7TNsY2KSkPWKwASm6HMg,,http://www.youtube.com/@BAYBAY_316,​@Christine-rk1dp I saw Russia say they wouldn't help. What are you seeing that says they are helping?,772,2026-03-03T11:49:33Z,2026-03-03T11:49:33Z,none,,163,116534,772
Rt1d6Xfxgqw,"Israel-Iran War: Iran Begins Counter Strike, Launches Missiles Towards Israel | GRAVITAS HIGHLIGHT",UC_gUM8rL-Lrg6O3adPW9K1g,WION,2026-03-03T10:04:43Z,UgzNmECf9etMhWt0UmF4AaABAg.ATtHVcrWARFATtUpttdJ1s,UgzNmECf9etMhWt0UmF4AaABAg,True,@stonefish2627,UCFGRehLuWjMJtuwgvRN6L7g,,http://www.youtube.com/@stonefish2627,​@mjberaMilitary strategy? Russia is still struggling to finish its war against Ukraine.😂,772,2026-03-03T12:04:27Z,2026-03-03T12:04:27Z,none,,163,116534,772
Rt1d6Xfxgqw,"Israel-Iran War: Iran Begins Counter Strike, Launches Missiles Towards Israel | GRAVITAS HIGHLIGHT",UC_gUM8rL-Lrg6O3adPW9K1g,WION,2026-03-03T10:04:43Z,UgzNmECf9etMhWt0UmF4AaABAg.ATtHVcrWARFATtVFBpoQvi,UgzNmECf9etMhWt0UmF4AaABAg,True,@joshschmidt6033,UC0uQWos9r6Vu-z-M7bNxcMg,,http://www.youtube.com/@joshschmidt6033,"Iran is pounding isreal into dust they well be fine,isreal is great at genocide, not so much at fighting peaple who can fight back.",772,2026-03-03T12:08:02Z,2026-03-03T12:08:02Z,none,,163,116534,772
Rt1d6Xfxgqw,"Israel-Iran War: Iran Begins Counter Strike, Launches Missiles Towards Israel | GRAVITAS HIGHLIGHT",UC_gUM8rL-Lrg6O3adPW9K1g,WION,2026-03-03T10:04:43Z,UgzNmECf9etMhWt0UmF4AaABAg.ATtHVcrWARFATtVs15trh5,UgzNmECf9etMhWt0UmF4AaABAg,True,@SamanthaSweetness-n2e4c,UCPG33ao5iRcCdfldDclu8aw,,http://www.youtube.com/@SamanthaSweetness-n2e4c,China and Russia is helping Iran........,772,2026-03-03T12:13:28Z,2026-03-03T12:13:28Z,none,,163,116534,772
Rt1d6Xfxgqw,"Israel-Iran War: Iran Begins Counter Strike, Launches Missiles Towards Israel | GRAVITAS HIGHLIGHT",UC_gUM8rL-Lrg6O3adPW9K1g,WION,2026-03-03T10:04:43Z,UgzNmECf9etMhWt0UmF4AaABAg.ATtHVcrWARFATtYTtVq4G9,UgzNmECf9etMhWt0UmF4AaABAg,True,@davidluke777,UC9e99nv6iBcalU4Tvkg3-lw,,http://www.youtube.com/@davidluke777,"​@Ridethebomb777seems you forgot that it was you who started the bet, cant get  stupider😂",772,2026-03-03T12:36:16Z,2026-03-03T12:36:16Z,none,,163,116534,772
Rt1d6Xfxgqw,"Israel-Iran War: Iran Begins Counter Strike, Launches Missiles Towards Israel | GRAVITAS HIGHLIGHT",UC_gUM8rL-Lrg6O3adPW9K1g,WION,2026-03-03T10:04:43Z,UgzNmECf9etMhWt0UmF4AaABAg.ATtHVcrWARFATtZMNpZvjb,UgzNmECf9etMhWt0UmF4AaABAg,True,@xoxo7225,UCEjDr5RsVE3i0ac07LIZggQ,,http://www.youtube.com/@xoxo7225,"@davidluke777 here is some water to throw at him, you fried him.",772,2026-03-03T12:43:58Z,2026-03-03T12:43:58Z,none,,163,116534,772
Rt1d6Xfxgqw,"Israel-Iran War: Iran Begins Counter Strike, Launches Missiles Towards Israel | GRAVITAS HIGHLIGHT",UC_gUM8rL-Lrg6O3adPW9K1g,WION,2026-03-03T10:04:43Z,UgzNmECf9etMhWt0UmF4AaABAg.ATtHVcrWARFATt_dbatko2,UgzNmECf9etMhWt0UmF4AaABAg,True,@hammy316,UCY8PnKrOnu_pz1gWPLXcyiw,,http://www.youtube.com/@hammy316,@stonefish2627Ukraine is finished clown,772,2026-03-03T12:55:12Z,2026-03-03T12:55:12Z,none,,163,116534,772
Rt1d6Xfxgqw,"Israel-Iran War: Iran Begins Counter Strike, Launches Missiles Towards Israel | GRAVITAS HIGHLIGHT",UC_gUM8rL-Lrg6O3adPW9K1g,WION,2026-03-03T10:04:43Z,UgzNmECf9etMhWt0UmF4AaABAg.ATtHVcrWARFATtaqmyqLvL,UgzNmECf9etMhWt0UmF4AaABAg,True,@pawemichalak6275,UC_mbvUinIbtIoZ3dfuq6AwQ,,http://www.youtube.com/@pawemichalak6275,"@BAYBAY_316 they are, just behind the scenes",772,2026-03-03T13:05:44Z,2026-03-03T13:05:44Z,none,,163,116534,772
Rt1d6Xfxgqw,"Israel-Iran War: Iran Begins Counter Strike, Launches Missiles Towards Israel | GRAVITAS HIGHLIGHT",UC_gUM8rL-Lrg6O3adPW9K1g,WION,2026-03-03T10:04:43Z,UgzNmECf9etMhWt0UmF4AaABAg.ATtHVcrWARFATtbXtP0SFS,UgzNmECf9etMhWt0UmF4AaABAg,True,@Ridethebomb777,UC6EX50ANRnzJafEM6hHbn5Q,,http://www.youtube.com/@Ridethebomb777,"@davidluke777 Yee of little intelligence ... never used the word bet. If you have ADD or some other affliction ... i understand ... but be sensible with your comments, dont make these BS rash statements .... shouldnt you be at cheerleading practice ??",772,2026-03-03T13:11:45Z,2026-03-03T13:11:45Z,none,,163,116534,772
Rt1d6Xfxgqw,"Israel-Iran War: Iran Begins Counter Strike, Launches Missiles Towards Israel | GRAVITAS HIGHLIGHT",UC_gUM8rL-Lrg6O3adPW9K1g,WION,2026-03-03T10:04:43Z,UgzNmECf9etMhWt0UmF4AaABAg.ATtHVcrWARFATtd0qomKrr,UgzNmECf9etMhWt0UmF4AaABAg,True,@Abimenu-dq7rg,UCJDYgr_2rtk0h6gC-D8Ml9w,,http://www.youtube.com/@Abimenu-dq7rg,Go go baby kill all evil people in world .... Especially human eaters,772,2026-03-03T13:24:43Z,2026-03-03T13:24:43Z,none,,163,116534,772
Rt1d6Xfxgqw,"Israel-Iran War: Iran Begins Counter Strike, Launches Missiles Towards Israel | GRAVITAS HIGHLIGHT",UC_gUM8rL-Lrg6O3adPW9K1g,WION,2026-03-03T10:04:43Z,UgzNmECf9etMhWt0UmF4AaABAg.ATtHVcrWARFATtgv3rdLU-,UgzNmECf9etMhWt0UmF4AaABAg,True,@JimB-i4d,UCPFV0un2nETpjPWtIjawIoA,,http://www.youtube.com/@JimB-i4d,More top Radar to follow?,772,2026-03-03T13:58:45Z,2026-03-03T13:58:45Z,none,,163,116534,772
Rt1d6Xfxgqw,"Israel-Iran War: Iran Begins Counter Strike, Launches Missiles Towards Israel | GRAVITAS HIGHLIGHT",UC_gUM8rL-Lrg6O3adPW9K1g,WION,2026-03-03T10:04:43Z,UgzNmECf9etMhWt0UmF4AaABAg.ATtHVcrWARFATtjf7BaOoc,UgzNmECf9etMhWt0UmF4AaABAg,True,@Coffee23,UCY8w983m_556ZhxKQ94-ywQ,,http://www.youtube.com/@Coffee23,"Russia has been fighting Ukraine and NATO for four years! Hamas fought Israel & every psychopathic cold blooded murdering voluteer on the planet for 2 years! If not for Brits & American special forces on the ground in Gaza, and endless supply of arms from NATO countries - Israel would have stopped the genocide in weeks.",772,2026-03-03T14:22:47Z,2026-03-03T14:22:47Z,none,,163,116534,772
Rt1d6Xfxgqw,"Israel-Iran War: Iran Begins Counter Strike, Launches Missiles Towards Israel | GRAVITAS HIGHLIGHT",UC_gUM8rL-Lrg6O3adPW9K1g,WION,2026-03-03T10:04:43Z,UgzNmECf9etMhWt0UmF4AaABAg.ATtHVcrWARFATtnN_lYJxU,UgzNmECf9etMhWt0UmF4AaABAg,True,@TruthHurts-r4n,UCuadUoVNDcXHNdr-o66TWoA,,http://www.youtube.com/@TruthHurts-r4n,​@moseskavalo3304  Outdated military strategy 😂😂😂,772,2026-03-03T14:55:12Z,2026-03-03T14:55:12Z,none,,163,116534,772
Rt1d6Xfxgqw,"Israel-Iran War: Iran Begins Counter Strike, Launches Missiles Towards Israel | GRAVITAS HIGHLIGHT",UC_gUM8rL-Lrg6O3adPW9K1g,WION,2026-03-03T10:04:43Z,UgzNmECf9etMhWt0UmF4AaABAg.ATtHVcrWARFATtnTkZQM0Y,UgzNmECf9etMhWt0UmF4AaABAg,True,@TruthHurts-r4n,UCuadUoVNDcXHNdr-o66TWoA,,http://www.youtube.com/@TruthHurts-r4n,"After Russia and Iran naval drill, Russia left Iran 😂😂😂",772,2026-03-03T14:56:03Z,2026-03-03T14:56:03Z,none,,163,116534,772
